prot1	prot2	RBSH	RBH	PANTHER_prot1	PANTHER_prot2
Q9NZ01	O94511	Yes	Yes	PTHR10556	PTHR10556
Q5T6V5	Q9HDZ9	Yes	Yes	PTHR21314	PTHR21314
O95619	Q10319	Yes	Yes	PTHR23195	PTHR23195
Q7RTX9	O59726	Yes	No	PTHR11360	PTHR23501
O00541	O60164	Yes	Yes	PTHR12221	PTHR12221
Q9Y5P6	O74484	Yes	Yes	PTHR22572	PTHR22572
O75925	O94451	Yes	No	PTHR10782	PTHR10782
Q5VUY0	Q9US38	Yes	No	PTHR23024	PTHR23024
A6NFC5	O13729	Yes	No	PTHR20516	PTHR28019
P61077	P46595	Yes	Yes	PTHR24068	PTHR24068
Q92616	Q10105	Yes	Yes	PTHR23346	PTHR23346
Q8TBM8	O13633	Yes	No	PTHR43908	PTHR43908
Q13616	O13790	Yes	Yes	PTHR11932	PTHR11932
O14841	Q10094	Yes	No	PTHR11365	PTHR11365
O14981	O43065	Yes	Yes	PTHR36498	PTHR36498
P41567	P79060	Yes	Yes	PTHR10388	PTHR10388
Q01432	P50998	Yes	No	PTHR11359	PTHR11359
Q3KR37	O42976	Yes	No	PTHR23319	PTHR23319
P07900	P41887	Yes	Yes	PTHR11528	PTHR11528
Q9H270	Q9P6N4	Yes	Yes	PTHR23323	PTHR23323
P62333	O74445	Yes	Yes	PTHR23073	PTHR23073
Q9Y2Z2	O13670	Yes	Yes	PTHR11806	PTHR11806
Q9UBB9	Q9UTK6	Yes	Yes	PTHR23329	PTHR23329
Q9Y3B8	O94626	Yes	No	PTHR11046	PTHR11046
P51606	O14131	Yes	No	PTHR15108	PTHR47791
Q9UQ80	Q09184	Yes	Yes	PTHR10804	PTHR10804
Q9Y2C4	Q10480	Yes	No	PTHR13966	PTHR13966
Q99459	P39964	Yes	Yes	PTHR45885	PTHR45885
P62166	Q09711	Yes	Yes	PTHR23055	PTHR23055
Q9H944	Q10317	Yes	No	PTHR12465	PTHR12465
Q9NPF5	O14308	Yes	No	PTHR12855	PTHR12855
P32969	O74905	Yes	No	PTHR11655	PTHR11655
P32969	Q10232	Yes	Yes	PTHR11655	PTHR11655
Q9HCP0	P40234	Yes	No	PTHR11909	PTHR11909
O43292	Q9US48	Yes	Yes	PTHR13304	PTHR13304
Q7Z3U7	Q09853	Yes	No	PTHR10663	PTHR10663
P13010	Q9HGM8	Yes	No	PTHR12604	PTHR12604
Q86Y79	O74806	Yes	Yes	PTHR17224	PTHR17224
P61599	O74457	Yes	Yes	PTHR45910	PTHR45910
Q9UBQ0	Q9UTI5	Yes	Yes	PTHR11124	PTHR11124
P47985	Q09154	Yes	No	PTHR10134	PTHR10134
P61586	Q09914	Yes	No	PTHR24072	PTHR24072
Q96GD4	O59790	Yes	No	PTHR24350	PTHR24350
Q9BZE4	O94659	Yes	Yes	PTHR45759	PTHR45759
P32929	O94350	Yes	Yes	PTHR11808	PTHR11808
Q8TEX9	O60100	Yes	Yes	PTHR10527	PTHR10527
O94788	O14293	Yes	No	PTHR11699	PTHR11699
Q9BVI4	O94372	Yes	No	PTHR12455	PTHR12455
Q99489	Q9Y7N4	Yes	Yes	PTHR11530	PTHR11530
Q9NPJ3	P87304	Yes	Yes	PTHR21660	PTHR21660
Q9NVD3	O74405	Yes	No	PTHR13271	PTHR13271
Q53FT3	O60175	Yes	Yes	PTHR12925	PTHR12925
P62306	O59734	Yes	Yes	PTHR11021	PTHR11021
Q92562	Q7Z9H9	Yes	No	PTHR45738	PTHR45738
O15258	Q10358	Yes	Yes	PTHR10743	PTHR10743
Q9Y2P8	Q09870	Yes	Yes	PTHR11096	PTHR11096
Q8N806	Q09329	Yes	No	PTHR13513	PTHR13513
Q9NX47	O74371	Yes	No	PTHR46283	PTHR46283
Q6P3W2	Q9UUG3	Yes	Yes	PTHR45255	PTHR21454
Q9HAU4	Q92462	Yes	Yes	PTHR11254	PTHR11254
Q9BTT4	P87310	Yes	Yes	PTHR13345	PTHR13345
P53803	P48011	Yes	Yes	PTHR12056	PTHR12056
P82932	Q9UT82	Yes	No	PTHR21011	PTHR21011
O75439	Q9P7X1	Yes	Yes	PTHR11851	PTHR11851
P53597	O13750	Yes	Yes	PTHR11117	PTHR11117
P78371	Q10147	Yes	Yes	PTHR11353	PTHR11353
Q9UHE5	Q10436	Yes	No	PTHR13947	
P05186	O60109	Yes	No	PTHR11596	PTHR11596
Q9Y2E4	Q10250	Yes	No	PTHR22754	PTHR22754
Q96F86	O94752	Yes	No	PTHR13612	PTHR13612
Q96CS3	O74498	Yes	Yes	PTHR23322	PTHR23322
Q9Y2V7	O94677	Yes	Yes	PTHR21506	PTHR21506
O75911	Q1MTR7	Yes	No	PTHR24322	PTHR43618
Q15738	O43050	Yes	Yes	PTHR10366	PTHR10366
Q01581	P54874	Yes	No	PTHR43323	PTHR43323
P00441	P28758	Yes	Yes	PTHR10003	PTHR10003
P18405	Q9UT20	Yes	Yes	PTHR10556	PTHR10556
O43709	Q10162	Yes	Yes	PTHR12734	PTHR12734
O75486	O14311	Yes	Yes	PTHR11380	PTHR11380
Q92696	O94412	Yes	No	PTHR11129	PTHR11129
Q9H078	O74402	Yes	No	PTHR11638	PTHR11638
Q9NRZ7	O94361	Yes	No	PTHR10983	PTHR10983
Q9H9J2	O43042	Yes	No	PTHR11207	PTHR11207
Q96S55	O13984	Yes	No	PTHR13779	PTHR13779
Q96HL8	Q9URW6	Yes	No	PTHR15629	PTHR15629
Q9Y296	O43041	Yes	No	PTHR23249	PTHR23249
O00471	O13705	Yes	No	PTHR12100	PTHR12100
O14777	Q10198	Yes	Yes	PTHR10643	PTHR10643
O60306	O94508	Yes	Yes	PTHR10887	PTHR10887
Q7KZ85	Q09915	Yes	No	PTHR10145	PTHR10145
Q9NPF4	O94637	Yes	Yes	PTHR11735	PTHR11735
P60900	O94517	Yes	Yes	PTHR11599	PTHR11599
Q9UBE0	P79064	Yes	Yes	PTHR10953	PTHR10953
Q9Y4E6	O42948	Yes	No	PTHR44099	PTHR44129
P40692	Q9P7W6	Yes	Yes	PTHR10073	PTHR10073
P21283	Q9HDW6	Yes	Yes	PTHR10137	PTHR10137
Q9P0Z9	O43029	Yes	Yes	PTHR10961	PTHR10961
O96017	Q09170	Yes	No	PTHR44167	PTHR44167
Q5T2R2	O43091	Yes	No	PTHR12001	PTHR12001
Q9NPE3	Q9P7M5	Yes	Yes	PTHR13305	PTHR13305
Q7L1I2	Q9C101	Yes	No	PTHR23511	PTHR23511
Q8NHQ9	O74764	Yes	Yes	PTHR24031	PTHR24031
Q00610	Q10161	Yes	Yes	PTHR10292	PTHR10292
Q96EQ0	O13797	Yes	Yes	PTHR45831	PTHR45831
Q9UI10	Q09924	Yes	No	PTHR10233	PTHR10233
Q8WV93	O42895	Yes	Yes	PTHR12169	PTHR12169
Q9BVK2	Q10479	Yes	Yes	PTHR12413	PTHR12413
P06276	O94493	Yes	No	PTHR43918	PTHR43142
P24863	O94503	Yes	Yes	PTHR10026	PTHR10026
Q03426	Q09780	Yes	Yes	PTHR43290	PTHR43290
Q9H490	O13883	Yes	Yes	PTHR13121	PTHR13121
Q9BVV7	O94618	Yes	No	PTHR13032	PTHR13032
P07954	O94552	Yes	Yes	PTHR11444	PTHR11444
Q9NRN7	Q10474	Yes	No	PTHR12215	PTHR12215
Q7L3T8	O74765	Yes	Yes	PTHR42753	PTHR42753
P27824	P36581	Yes	No	PTHR11073	PTHR11073
Q5T6J7	Q10242	Yes	Yes	PTHR43442	PTHR43442
Q9UPI3	Q9P3V5	Yes	No	PTHR10924	PTHR23502
Q8IY81	O42832	Yes	No	PTHR10920	PTHR10920
Q9NUQ8	O59672	Yes	Yes	PTHR19211	PTHR19211
P46776	P57728	Yes	Yes	PTHR11721	PTHR11721
P40123	P36621	Yes	No	PTHR10652	PTHR10652
Q15800	Q9UUH4	Yes	Yes	PTHR11863	PTHR11863
O15027	O14029	Yes	No	PTHR13402	PTHR13402
Q99643	O74882	Yes	Yes	PTHR10978	PTHR10978
P00813	Q9P6I7	Yes	Yes	PTHR11409	PTHR43114
P11413	O00091	Yes	Yes	PTHR23429	PTHR23429
Q96E22	Q9Y7K8	Yes	No	PTHR21528	PTHR21528
Q96GM5	Q9P7S3	Yes	No	PTHR13844	PTHR13844
O60729	Q9P7H1	Yes	No	PTHR23339	PTHR23339
Q9NPH0	Q9USS6	Yes	Yes	PTHR11567	PTHR11567
Q9GZT4	O59791	Yes	Yes	PTHR43050	PTHR43050
O43765	O13797	Yes	No	PTHR45831	PTHR45831
Q9H6R4	O94676	Yes	Yes	PTHR17972	PTHR17972
Q969H6	Q9UU90	Yes	No	PTHR15441	PTHR15441
Q96HE7	Q9Y7P1	Yes	No	PTHR12613	PTHR12613
P35249	Q09843	Yes	Yes	PTHR11669	PTHR11669
Q504Q3	Q09798	Yes	Yes	PTHR15728	PTHR15728
O14561	Q10217	Yes	No	PTHR20863	PTHR20863
Q8TCB7	O74386	Yes	No	PTHR22809	PTHR22809
P31948	Q9USI5	Yes	Yes	PTHR22904	PTHR22904
Q5T5C0	Q10408	Yes	No	PTHR10241	PTHR10241
Q8NB90	O60058	Yes	No	PTHR23077	PTHR23077
Q9NUP7	Q9UTH1	Yes	Yes	PTHR12998	PTHR12998
O95478	Q9UU79	Yes	Yes	PTHR12642	PTHR12642
Q14651	O59945	Yes	No	PTHR19961	PTHR19961
P0CG13	Q65ZA6	Yes	No	PTHR28605	PTHR47475
P19387	P37382	Yes	Yes	PTHR11800	PTHR11800
P55072	Q9P3A7	Yes	Yes	PTHR23077	PTHR23077
Q15029	O94316	Yes	Yes	PTHR42908	PTHR42908
O60231	Q10752	Yes	Yes	PTHR18934	PTHR18934
Q99798	O13966	Yes	Yes	PTHR43160	PTHR43160
Q9Y3D0	Q9UTL0	Yes	No	PTHR12377	PTHR12377
Q13936	O14234	Yes	No	PTHR45628	PTHR45628
Q5T8P6	Q9USP9	Yes	No	PTHR14398	PTHR14398
P36776	Q09769	Yes	Yes	PTHR43718	PTHR43718
Q9NR77	Q10244	Yes	Yes	PTHR11266	PTHR11266
P21695	Q09845	Yes	No	PTHR11728	PTHR11728
P09467	P09202	Yes	Yes	PTHR11556	PTHR11556
Q9Y6N5	O94284	Yes	Yes	PTHR10632	PTHR10632
P17844	P24782	Yes	No	PTHR47958	PTHR47958
Q96NN9	Q10499	Yes	Yes	PTHR43557	PTHR43557
Q8WWY3	O42904	Yes	Yes	PTHR13904	PTHR13904
Q9BUQ8	Q9Y7T7	Yes	Yes	PTHR47958	PTHR47958
Q5JVF3	O13873	Yes	Yes	PTHR12732	PTHR12732
O14980	P14068	Yes	Yes	PTHR11223	PTHR11223
Q9BRG1	O74967	Yes	Yes	PTHR13149	PTHR13149
Q99623	O94550	Yes	Yes	PTHR23222	PTHR23222
Q9NXG2	P87151	Yes	No	PTHR13452	PTHR13452
Q9Y3D8	Q9UU88	Yes	Yes	PTHR12595	PTHR12595
P13798	Q9P778	Yes	No	PTHR42776	PTHR42776
P18074	P26659	Yes	Yes	PTHR11472	PTHR11472
Q13416	Q09142	Yes	No	PTHR14052	PTHR14052
Q8WUF8	Q10271	Yes	No	PTHR21357	PTHR21357
Q9UPY5	P40901	Yes	No	PTHR11785	PTHR43341
P30050	P0CT84	Yes	Yes	PTHR11661	PTHR11661
Q15542	O13282	Yes	No	PTHR19879	PTHR19879
Q9Y5B9	O94267	Yes	Yes	PTHR13980	PTHR13980
P62280	P0CT74	Yes	Yes	PTHR10744	PTHR10744
Q9UMS4	O14011	Yes	Yes	PTHR43995	PTHR43995
P18124	O60143	Yes	Yes	PTHR11524	PTHR11524
Q6PI48	O94242	Yes	Yes	PTHR22594	PTHR22594
O94782	Q9P7S5	Yes	No	PTHR24006	
Q9GZS1	O14086	Yes	Yes	PTHR14440	PTHR14440
P13716	P78974	Yes	Yes	PTHR11458	PTHR11458
Q70IA6	O74558	Yes	Yes	PTHR22599	PTHR22599
Q9BYJ9	O74958	Yes	No	PTHR12357	PTHR12357
O43617	Q9P6P5	Yes	Yes	PTHR13048	PTHR13048
P42898	Q10258	Yes	Yes	PTHR45754	PTHR45754
Q9NYZ2	O14281	Yes	Yes	PTHR45758	PTHR45758
Q8N1F7	O94418	Yes	Yes	PTHR11225	PTHR11225
O43683	O94751	Yes	No	PTHR14030	PTHR14030
Q9NUD9	Q09712	Yes	No	PTHR12468	PTHR12468
Q96RD9	O94385	Yes	No	PTHR11481	PTHR28206
Q9Y3E7	O14296	Yes	No	PTHR10476	PTHR10476
P16520	Q10282	Yes	Yes	PTHR19850	PTHR19850
P0DP23	P05933	Yes	Yes	PTHR23050	PTHR23050
Q96F10	P79081	Yes	Yes	PTHR10545	PTHR10545
P41252	O13651	Yes	Yes	PTHR42780	PTHR42780
P22102	P20772	Yes	Yes	PTHR10520	PTHR10520
Q9H3H5	P42881	Yes	Yes	PTHR10571	PTHR10571
Q9Y2Y1	O13896	Yes	Yes	PTHR11239	PTHR11239
P53611	P46960	Yes	Yes	PTHR11774	PTHR11774
Q9P2R7	O94415	Yes	Yes	PTHR11815	PTHR11815
O75879	Q9UT77	Yes	Yes	PTHR11659	PTHR11659
Q9H1D9	O94553	Yes	Yes	PTHR12780	PTHR12780
Q9Y255	Q9UT07	Yes	No	PTHR11158	PTHR11158
Q8WUA2	Q9UUE4	Yes	No	PTHR45843	PTHR45843
P05387	P08094	Yes	No	PTHR21141	PTHR21141
Q9BVG8	Q9US03	Yes	No	PTHR47972	PTHR24115
Q8NB37	Q09918	Yes	No	PTHR48094	PTHR48094
O60337	O60103	Yes	No	PTHR13145	PTHR13145
P54727	O74803	Yes	Yes	PTHR10621	PTHR10621
O43143	O42945	Yes	Yes	PTHR18934	PTHR18934
P26196	Q09181	Yes	Yes	PTHR47960	PTHR47960
P61218	P36595	Yes	No	PTHR47227	PTHR47227
Q8IYB7	O14040	Yes	No	PTHR23355	PTHR23355
Q9H6Y2	O13856	Yes	No	PTHR44019	PTHR22652
Q96GG9	Q8WZK4	Yes	Yes	PTHR12281	PTHR12281
Q9UK45	O74499	Yes	Yes	PTHR10553	PTHR10553
Q9BPX1	Q10216	Yes	No	PTHR43658	PTHR48107
Q01081	Q09176	Yes	Yes	PTHR12620	PTHR12620
O14925	Q9USM7	Yes	No	PTHR15371	PTHR15371
O75431	Q9HE00	Yes	No	PTHR12289	PTHR12289
O75818	Q10312	Yes	No	PTHR15396	PTHR15396
P78383	Q8WZJ9	Yes	Yes	PTHR10778	PTHR10778
Q13286	Q9US09	Yes	Yes	PTHR10981	PTHR10981
Q16531	O13807	Yes	Yes	PTHR10644	PTHR10644
P42285	O14232	Yes	Yes	PTHR12131	PTHR12131
O00422	O94405	Yes	No	PTHR13082	PTHR13082
Q9Y3D7	Q9C1W5	Yes	Yes	PTHR12388	PTHR12388
P14550	Q10494	Yes	Yes	PTHR11732	PTHR11732
Q5VZY2	Q9UUA6	Yes	Yes	PTHR10165	PTHR10165
Q9BQ70	O13796	Yes	Yes	PTHR22684	PTHR22684
P10746	P87214	Yes	Yes	PTHR12390	PTHR12390
O75396	Q9Y7L0	Yes	Yes	PTHR45837	PTHR45837
Q9NSE4	Q9USL3	Yes	Yes	PTHR42765	PTHR42765
P40429	O43004	Yes	No	PTHR11545	PTHR11545
Q8IV36	O13776	Yes	No	PTHR21575	PTHR21575
Q5MIZ7	Q9Y7J8	Yes	No	PTHR23318	PTHR23318
P09234	Q9P794	Yes	No	PTHR31148	PTHR31148
Q0JRZ9	O43059	Yes	No	PTHR23065	PTHR23065
O00410	O74476	Yes	Yes	PTHR10527	PTHR10527
Q9NVC6	P87306	Yes	No	PTHR13114	PTHR13114
P32119	O74887	Yes	Yes	PTHR10681	PTHR10681
P61619	P79088	Yes	Yes	PTHR10906	PTHR10906
Q9UKN8	O13650	Yes	No	PTHR15496	PTHR15496
Q9Y3C4	Q9P7J3	Yes	Yes	PTHR15840	PTHR15840
Q9HC24	O74888	Yes	Yes	PTHR23291	PTHR23291
Q15003	Q9Y7R3	Yes	Yes	PTHR13108	PTHR13108
Q8WTW4	O42857	Yes	Yes	PTHR12991	PTHR12991
Q9NQQ7	Q10354	Yes	Yes	PTHR11132	PTHR11132
P49247	Q9UTL3	Yes	No	PTHR11934	PTHR11934
Q9BSJ8	Q9UT00	Yes	No	PTHR45761	PTHR46980
Q07020	Q8TFH1	Yes	Yes	PTHR10934	PTHR10934
P10599	O14463	Yes	Yes	PTHR10438	PTHR10438
P55039	P32235	Yes	Yes	PTHR43127	PTHR43127
P26641	P40921	Yes	Yes	PTHR43986	PTHR43986
Q6FI13	P04909	Yes	No	PTHR23430	PTHR23430
O75312	O13724	Yes	Yes	PTHR10876	PTHR10876
Q96HR8	O14360	Yes	No	PTHR31633	PTHR31633
Q9NXH9	Q9P804	Yes	Yes	PTHR10631	PTHR10631
P07902	Q9HDU5	Yes	Yes	PTHR11943	PTHR11943
P49458	O13804	Yes	No	PTHR12834	PTHR12834
P62753	P05752	Yes	Yes	PTHR11502	PTHR11502
Q2M2I8	Q9USS2	Yes	No	PTHR47907	PTHR22967
A6NM45	O14107	Yes	No	PTHR12002	PTHR28092
Q9H269	Q9UT38	Yes	Yes	PTHR12811	PTHR12811
Q5JS54	Q9P7J0	Yes	No	PTHR33559	PTHR33559
P62191	P36612	Yes	Yes	PTHR23073	PTHR23073
Q92908	O94720	Yes	No	PTHR10071	PTHR10071
O43156	O94600	Yes	No	PTHR18460	PTHR18460
P25789	Q09682	Yes	Yes	PTHR11599	PTHR11599
Q92535	O59802	Yes	Yes	PTHR12982	PTHR12982
O75356	Q9UT35	Yes	No	PTHR11782	PTHR11782
Q8TAD4	Q9HGQ3	Yes	No	PTHR45755	PTHR45755
O60783	O42859	Yes	Yes	PTHR19836	PTHR19836
O75880	O42899	Yes	No	PTHR12151	PTHR12151
P61803	O14238	Yes	Yes	PTHR10705	PTHR10705
P34949	O43014	Yes	Yes	PTHR10309	PTHR10309
Q00613	Q02953	Yes	No	PTHR10015	PTHR10015
P61247	O94438	Yes	Yes	PTHR11830	PTHR11830
Q9H9V9	O13977	Yes	No	PTHR12480	PTHR12480
Q9UBF8	Q10366	Yes	No	PTHR10048	PTHR10048
Q9Y312	Q6LA53	Yes	Yes	PTHR12689	PTHR12689
Q13216	Q9USR0	Yes	Yes	PTHR46202	PTHR46202
Q9UET6	O36015	Yes	Yes	PTHR10920	PTHR10920
Q8IWA4	Q9USY7	Yes	No	PTHR10465	PTHR10465
P31939	O74928	Yes	Yes	PTHR11692	PTHR11692
Q8N6M5	Q09913	Yes	Yes	PTHR12045	PTHR12045
Q99471	O94307	Yes	Yes	PTHR12674	PTHR12674
Q99961	O94478	Yes	No	PTHR14167	PTHR45929
P13051	O74834	Yes	No	PTHR11264	PTHR11264
Q96C86	Q9P7C9	Yes	Yes	PTHR12978	PTHR12978
Q9BRX5	Q9UTC3	Yes	Yes	PTHR22768	PTHR22768
O43615	O60084	Yes	Yes	PTHR10721	PTHR10721
P84090	G2TRN4	Yes	Yes	PTHR12373	PTHR12373
P62910	P79015	Yes	Yes	PTHR23413	PTHR23413
Q5W0Z9	O14345	Yes	No	PTHR22883	PTHR22883
Q9BTY7	Q10498	Yes	No	PTHR13387	PTHR13387
P46976	O43061	Yes	No	PTHR11183	PTHR11183
A8CG34	Q09904	Yes	No	PTHR23193	PTHR23193
P83731	O74884	Yes	No	PTHR10792	PTHR10792
P83731	Q92354	Yes	No	PTHR10792	PTHR10792
P62820	P11620	Yes	Yes	PTHR24073	PTHR24073
Q9UJA9	O94323	Yes	Yes	PTHR10151	PTHR10151
Q14534	Q9C1W3	Yes	Yes	PTHR10835	PTHR10835
P49366	O94337	Yes	Yes	PTHR11703	PTHR11703
P51553	O13696	Yes	Yes	PTHR11835	PTHR11835
Q13085	P78820	Yes	Yes	PTHR45728	PTHR45728
P62277	P28189	Yes	Yes	PTHR11885	PTHR11885
Q9NQR4	Q10166	Yes	Yes	PTHR23088	PTHR23088
P07108	Q9Y7Z3	Yes	Yes	PTHR23310	PTHR23310
Q96D46	Q09817	Yes	Yes	PTHR12746	PTHR12746
O14653	Q9P7G5	Yes	Yes	PTHR21230	PTHR21230
O43447	O74729	Yes	Yes	PTHR11071	PTHR11071
Q15388	O14225	Yes	No	PTHR12430	PTHR12430
Q9BTE3	O94450	Yes	No	PTHR13489	PTHR13489
P00505	O94320	Yes	Yes	PTHR11879	PTHR11879
Q9UHB9	O74436	Yes	Yes	PTHR12860	PTHR12860
O60832	O14007	Yes	No	PTHR23127	PTHR23127
Q10570	O74733	Yes	Yes	PTHR10644	PTHR10644
Q9UBL3	O60070	Yes	Yes	PTHR10598	PTHR10598
Q9BZD4	Q10173	Yes	No	PTHR21650	PTHR21650
Q8IW45	O94347	Yes	Yes	PTHR12592	PTHR12592
Q15059	Q9Y7N0	Yes	No	PTHR45926	PTHR22880
Q9BTU6	Q9UT42	Yes	No	PTHR12865	PTHR12865
Q9BSC4	O74879	Yes	No	PTHR14927	PTHR14927
O75083	O14301	Yes	Yes	PTHR19856	PTHR19856
Q9P1U0	O94703	Yes	Yes	PTHR11239	PTHR11239
Q6P1J9	Q9UUE7	Yes	No	PTHR12466	PTHR12466
P84098	P05734	Yes	No	PTHR10722	PTHR10722
P49591	O14018	Yes	Yes	PTHR11778	PTHR11778
Q04446	Q09840	Yes	No	PTHR43651	PTHR10357
Q9UMS0	Q9UUB8	Yes	Yes	PTHR11178	PTHR11178
Q9Y316	Q10212	Yes	Yes	PTHR11060	PTHR11060
Q5SNT2	O13681	Yes	No	PTHR28646	PTHR28538
Q9BT17	O74776	Yes	Yes	PTHR45782	PTHR45782
Q8IY18	O13710	Yes	Yes	PTHR45916	PTHR45916
Q9BRQ8	O43090	Yes	No	PTHR43735	PTHR43706
Q9NUB1	P78773	Yes	No	PTHR24095	PTHR24095
Q96K37	O94695	Yes	No	PTHR11132	PTHR11132
P17812	O42644	Yes	Yes	PTHR11550	PTHR11550
O94903	Q9P6Q1	Yes	Yes	PTHR10146	PTHR10146
Q9BYD1	O60118	Yes	No	PTHR11545	PTHR11545
Q9Y450	O74774	Yes	No	PTHR23115	PTHR23115
P46199	O59683	Yes	No	PTHR43381	PTHR43381
P28340	P30316	Yes	Yes	PTHR10322	PTHR10322
Q08257	O74489	Yes	Yes	PTHR44154	PTHR48106
Q9Y570	Q9P7D2	Yes	Yes	PTHR14189	PTHR14189
P52565	O14224	Yes	Yes	PTHR10980	PTHR10980
Q9BSH5	O14262	Yes	Yes	PTHR46191	PTHR46191
Q8NI37	Q09189	Yes	Yes	PTHR12320	PTHR12320
Q5VZE5	Q9USY3	Yes	No	PTHR21373	PTHR21373
Q969H0	P87060	Yes	No	PTHR19849	PTHR44129
Q9H9Y4	Q9UTL7	Yes	Yes	PTHR21231	PTHR21231
Q15393	Q9UTT2	Yes	Yes	PTHR10644	PTHR10644
Q14692	O94653	Yes	Yes	PTHR12858	PTHR12858
P37268	P36596	Yes	No	PTHR11626	PTHR11626
Q9Y2L1	P37202	Yes	Yes	PTHR23355	PTHR23355
Q02127	P32747	Yes	Yes	PTHR48109	PTHR48109
P11168	Q9P3U6	Yes	No	PTHR23503	PTHR48022
O95394	Q09770	Yes	Yes	PTHR45955	PTHR45955
Q14691	Q9P7X6	Yes	Yes	PTHR12914	PTHR12914
Q14442	Q9Y7L7	Yes	No	PTHR15231	PTHR15231
Q9H3K6	O14280	Yes	Yes	PTHR12735	PTHR12735
Q9NY12	Q06975	Yes	No	PTHR23237	PTHR23237
Q15120	Q9P6P9	Yes	No	PTHR11947	PTHR11947
Q6IPR3	Q9UTA5	Yes	Yes	PTHR23245	
Q9H1K1	Q9UTC6	Yes	No	PTHR10093	PTHR10093
Q92698	P41410	Yes	No	PTHR45629	PTHR45629
Q7Z478	O60114	Yes	No	PTHR18934	PTHR18934
Q86TB9	O42958	Yes	No	PTHR21551	PTHR21551
P22830	O59786	Yes	Yes	PTHR11108	PTHR11108
Q99595	P87130	Yes	Yes	PTHR10485	PTHR10485
O00148	O13792	Yes	No	PTHR47958	PTHR47958
P61081	O74549	Yes	Yes	PTHR24068	PTHR24068
Q13107	O60079	Yes	No	PTHR21646	PTHR21646
Q96GW9	O14000	Yes	Yes	PTHR43326	PTHR43326
Q6Y1H2	O14346	Yes	Yes	PTHR11035	PTHR11035
Q14974	O13864	Yes	Yes	PTHR10527	PTHR10527
Q9Y256	O94448	Yes	Yes	PTHR13046	PTHR13046
Q96KG9	O13733	Yes	No	PTHR12984	PTHR12984
Q6P1N9	Q9UUF1	Yes	Yes	PTHR10060	PTHR10060
Q9UPY3	Q09884	Yes	No	PTHR14950	PTHR14950
Q01105	Q9HGN2	Yes	No	PTHR11875	PTHR11875
Q6ZS30	Q7LKZ7	Yes	No	PTHR13743	PTHR13743
Q92674	P87227	Yes	No	PTHR48208	PTHR48208
Q9UJK0	Q10409	Yes	Yes	PTHR20426	PTHR20426
Q8WWH5	O59721	Yes	No	PTHR13767	PTHR13767
O00743	P36614	Yes	Yes	PTHR45619	PTHR45619
O95905	Q9US49	Yes	No	PTHR13060	PTHR13060
P19105	Q9UUG5	Yes	No	PTHR23049	PTHR23049
P17900	Q9C0X9	Yes	No	PTHR17357	PTHR11306
Q9BV10	Q9USD4	Yes	Yes	PTHR22760	PTHR22760
P28072	O43063	Yes	Yes	PTHR11599	PTHR11599
Q96C45	P41892	Yes	No	PTHR46562	PTHR24361
O75844	Q10071	Yes	Yes	PTHR10120	PTHR10120
P62875	O13877	Yes	Yes	PTHR23431	PTHR23431
P62937	P18253	Yes	No	PTHR11071	PTHR11071
Q8IZ73	Q09709	Yes	Yes	PTHR21600	PTHR21600
P57081	O74863	Yes	No	PTHR16288	PTHR16288
Q2NL82	O13956	Yes	Yes	PTHR12858	PTHR12858
Q8TC12	O74959	Yes	No	PTHR24320	PTHR24320
Q9H211	P40382	Yes	No	PTHR28637	PTHR28637
P08559	Q10489	Yes	No	PTHR11516	PTHR11516
P61962	O74763	Yes	Yes	PTHR19919	PTHR19919
O43396	Q9USR1	Yes	Yes	PTHR46115	PTHR46115
P08579	O74968	Yes	Yes	PTHR10501	PTHR10501
Q9Y3B3	O13770	Yes	Yes	PTHR22811	PTHR22811
P41091	Q09130	Yes	Yes	PTHR42854	PTHR42854
P15531	P49740	Yes	Yes	PTHR11349	PTHR11349
Q9UBD5	Q10067	Yes	No	PTHR12748	PTHR12748
P20585	P26359	Yes	Yes	PTHR11361	PTHR11361
Q9NP79	O13703	Yes	No	PTHR46009	PTHR46009
Q9HAB8	Q9USK7	Yes	Yes	PTHR12290	PTHR12290
Q96NC0	Q09776	Yes	No	PTHR45986	PTHR45986
P04179	Q9UQX0	Yes	Yes	PTHR11404	PTHR11404
P30566	O60105	Yes	Yes	PTHR43172	PTHR43172
P11586	Q8WZJ7	Yes	Yes	PTHR48099	PTHR48099
P52907	Q10434	Yes	Yes	PTHR10653	PTHR10653
Q15005	Q9UTQ9	Yes	No	PTHR13085	PTHR13085
P10644	P36600	Yes	No	PTHR11635	PTHR11635
Q14181	O74946	Yes	No	PTHR23061	PTHR23061
Q5J8M3	O94520	Yes	No	PTHR19315	PTHR19315
Q9P0M9	Q9HDV5	Yes	No	PTHR15893	PTHR15893
P33527	Q10185	Yes	Yes	PTHR24223	PTHR24223
Q8NEB9	P50520	Yes	Yes	PTHR10048	PTHR10048
Q6IA86	O94533	Yes	Yes	PTHR44111	PTHR44111
Q7KZF4	Q9Y7U7	Yes	Yes	PTHR12302	PTHR12302
Q92973	O14089	Yes	Yes	PTHR10527	PTHR10527
P62258	P42656	Yes	Yes	PTHR18860	PTHR18860
P21589	Q9HDU9	Yes	No	PTHR11575	PTHR11575
Q9Y234	O13629	Yes	Yes	PTHR12561	PTHR12561
O60906	O74369	Yes	No	PTHR12393	PTHR12393
Q5RKV6	Q9P7R3	Yes	Yes	PTHR11953	PTHR11953
Q9NWV4	O74797	Yes	Yes	PTHR12857	PTHR12857
Q99685	O94305	Yes	No	PTHR11614	PTHR11614
Q9BSV6	O60156	Yes	Yes	PTHR13070	PTHR13070
Q9BW85	Q9P7C5	Yes	No	PTHR12111	PTHR12111
Q13126	Q09816	Yes	Yes	PTHR42679	PTHR42679
Q96FJ0	Q9P371	Yes	No	PTHR12947	PTHR12947
P15848	Q9C0V7	Yes	Yes	PTHR10342	PTHR42693
Q02543	P0CT68	Yes	Yes	PTHR10052	PTHR10052
Q12769	O43044	Yes	No	PTHR21286	PTHR21286
P00367	P78804	Yes	No	PTHR11606	PTHR43571
Q16864	O43046	Yes	Yes	PTHR13861	PTHR13861
Q9NVV5	Q96WV4	Yes	Yes	PTHR10989	PTHR10989
Q8TED4	O43000	Yes	No	PTHR43184	PTHR43791
P49368	O74341	Yes	Yes	PTHR11353	PTHR11353
Q8N8R3	Q10248	Yes	Yes	PTHR45624	PTHR45624
Q9H0D6	P40848	Yes	Yes	PTHR12341	PTHR12341
P55735	O94319	Yes	Yes	PTHR11024	PTHR11024
Q9UG63	O42943	Yes	Yes	PTHR19211	PTHR19211
Q8N8F6	O94348	Yes	No	PTHR21236	PTHR21236
P78346	P87120	Yes	Yes	PTHR13031	PTHR13031
O14646	O14139	Yes	No	PTHR45623	PTHR45623
Q86TW2	O60111	Yes	Yes	PTHR43173	PTHR43173
Q17RP2	O60108	Yes	No	PTHR19303	PTHR19303
P49756	Q8WZK0	Yes	No	PTHR18806	PTHR18806
Q92685	Q9Y7I4	Yes	Yes	PTHR12646	PTHR12646
Q07889	P26674	Yes	No	PTHR23113	PTHR23113
Q6NUQ1	Q9C0W8	Yes	No	PTHR13520	PTHR13520
P30101	Q10057	Yes	No	PTHR18929	PTHR18929
Q53H96	Q9P7Y7	Yes	No	PTHR11645	PTHR11645
Q9BT78	O13895	Yes	No	PTHR10855	PTHR10855
O43592	O94258	Yes	Yes	PTHR15952	PTHR15952
P40938	O94697	Yes	Yes	PTHR11669	PTHR11669
P49207	Q9URT8	Yes	Yes	PTHR46595	PTHR10759
Q16186	Q9Y7Y6	Yes	No	PTHR12225	PTHR12225
Q9BRU9	O74862	Yes	Yes	PTHR12416	PTHR12416
P62304	Q9USZ3	Yes	Yes	PTHR11193	PTHR11193
P63244	Q10281	Yes	Yes	PTHR19868	PTHR19868
Q96G61	Q09790	Yes	No	PTHR12629	PTHR12629
O43511	Q9URY8	Yes	No	PTHR11814	PTHR11814
P62256	Q9P7R4	Yes	Yes	PTHR24068	PTHR24068
Q99720	P87113	Yes	No	PTHR10868	PTHR10868
Q9NP94	O94639	Yes	No	PTHR11040	PTHR11040
Q8TBP6	Q9P7X9	Yes	Yes	PTHR45760	PTHR45760
Q9Y259	Q10276	Yes	No	PTHR22603	PTHR22603
Q13098	O94308	Yes	Yes	PTHR14145	PTHR14145
P83881	Q9UTI8	Yes	Yes	PTHR10369	PTHR10369
Q8N766	O13981	Yes	No	PTHR21573	PTHR21573
Q9NRX5	Q9HDY3	Yes	No	PTHR10383	PTHR10383
Q86YJ6	Q42598	Yes	Yes	PTHR42690	PTHR42690
P11387	P07799	Yes	No	PTHR10290	PTHR10290
O43542	Q9UUL2	Yes	Yes	PTHR46487	PTHR22942
Q9NW15	O13621	Yes	No	PTHR12308	PTHR12308
Q12907	O94401	Yes	No	PTHR12223	PTHR12223
P20020	Q9HDW7	Yes	Yes	PTHR24093	PTHR24093
Q6P1X5	P87121	Yes	No	PTHR15137	PTHR15137
P62081	Q10101	Yes	Yes	PTHR11278	PTHR11278
Q96MV1	O13752	Yes	Yes	PTHR13439	PTHR13439
Q05193	Q09748	Yes	No	PTHR11566	PTHR11566
Q53T94	Q9UST5	Yes	No	PTHR31576	PTHR31576
Q9Y5Y5	O94516	Yes	No	PTHR13299	PTHR13299
Q8N7H5	Q9US06	Yes	No	PTHR23188	PTHR23188
P17707	Q9P7E3	Yes	Yes	PTHR11570	PTHR11570
Q9Y4Y9	O42978	Yes	Yes	PTHR20971	PTHR20971
Q9NWU2	Q10446	Yes	Yes	PTHR12864	PTHR12864
P60660	Q09196	Yes	No	PTHR23048	PTHR23048
Q9P2D3	O42998	Yes	No	PTHR21663	PTHR21663
Q96D71	O94685	Yes	No	PTHR11216	PTHR11216
P61604	O59804	Yes	Yes	PTHR10772	PTHR10772
Q9HAV7	O43047	Yes	Yes	PTHR21237	PTHR21237
Q9NTI2	O94296	Yes	Yes	PTHR24092	PTHR24092
Q9BSJ2	Q9Y705	Yes	No	PTHR19302	PTHR19302
Q96T60	O13911	Yes	No	PTHR12083	PTHR12083
Q96L34	P22987	Yes	No	PTHR24346	PTHR24343
P60604	O00102	Yes	Yes	PTHR24067	PTHR24067
P23025	O59753	Yes	No	PTHR10142	PTHR10142
P30153	Q9UT08	Yes	Yes	PTHR10648	PTHR10648
Q9UI12	O14265	Yes	No	PTHR10698	PTHR10698
Q92536	Q9US40	Yes	No	PTHR11785	PTHR45649
O60341	Q9Y802	Yes	No	PTHR10742	PTHR10742
Q9UHB4	O94613	Yes	Yes	PTHR19384	PTHR19384
P55884	Q10425	Yes	No	PTHR14068	PTHR14068
O15213	Q9P4X3	Yes	No	PTHR14085	PTHR14085
Q9P1Q0	O14093	Yes	No	PTHR12965	PTHR12965
Q9NWX6	Q9Y7T3	Yes	Yes	PTHR12729	PTHR12729
Q9NVH1	Q9Y7T0	Yes	Yes	PTHR44157	PTHR44157
O15121	O59715	Yes	Yes	PTHR12879	PTHR12879
O95163	O59704	Yes	Yes	PTHR12747	PTHR12747
P78417	O94524	Yes	No	PTHR43968	PTHR32419
Q6P2Q9	O14187	Yes	Yes	PTHR11140	PTHR11140
Q96RQ1	O94283	Yes	Yes	PTHR10984	PTHR10984
Q70HW3	Q10442	Yes	No	PTHR45667	PTHR45667
P49773	O94586	Yes	Yes	PTHR23089	PTHR46648
Q9Y2D4	O75006	Yes	Yes	PTHR12702	PTHR12702
P22090	Q9USW5	Yes	No	PTHR11581	PTHR11581
Q96T76	Q9UTR1	Yes	Yes	PTHR12891	PTHR12891
P14678	Q10163	Yes	No	PTHR10701	PTHR10701
P25705	P24487	Yes	Yes	PTHR48082	PTHR48082
O95801	O13754	Yes	Yes	PTHR46035	PTHR46035
Q09028	O94244	Yes	Yes	PTHR22850	PTHR22850
P49459	P23566	Yes	Yes	PTHR24067	PTHR24067
O00233	O94393	Yes	Yes	PTHR12651	PTHR12651
Q9UPQ8	Q9Y7T6	Yes	No	PTHR13205	PTHR13205
Q5VIR6	P87129	Yes	Yes	PTHR12820	PTHR12820
Q2TAA2	O74648	Yes	Yes	PTHR14209	PTHR14209
Q8NDF8	Q9UTN3	Yes	No	PTHR23092	PTHR23092
Q9GZL7	Q9URY0	Yes	Yes	PTHR19855	PTHR19855
Q15526	Q9Y810	Yes	Yes	PTHR23427	PTHR23427
O15067	O14228	Yes	Yes	PTHR10099	PTHR10099
Q8N9F7	O14169	Yes	Yes	PTHR42758	PTHR42758
Q96DG6	O14359	Yes	Yes	PTHR46812	PTHR47668
P49754	Q9P7N3	Yes	Yes	PTHR12616	PTHR12616
P62249	P0CT65	Yes	Yes	PTHR21569	PTHR21569
P38432	O74434	Yes	No	PTHR15197	
P68036	Q9UTN8	Yes	No	PTHR24068	PTHR24068
Q9NTJ5	O60162	Yes	Yes	PTHR45662	PTHR45662
Q9BSE5	Q9C0Y9	Yes	No	PTHR11358	PTHR11358
Q9HA65	Q9UUH7	Yes	No	PTHR22957	PTHR22957
Q9P013	P78794	Yes	No	PTHR12718	PTHR12718
Q9Y463	Q9P6P3	Yes	No	PTHR24058	PTHR24058
O75937	O74746	Yes	No	PTHR15606	PTHR46620
P16435	P36587	Yes	Yes	PTHR19384	PTHR19384
Q7LBR1	O60074	Yes	No	PTHR10476	PTHR10476
P47712	Q9Y7N6	Yes	No	PTHR10728	PTHR10728
Q5U5X0	G2TRP8	Yes	Yes	PTHR46749	PTHR46749
Q9HCG8	Q9P6R9	Yes	No	PTHR18034	PTHR18034
Q6P158	O94536	Yes	No	PTHR18934	PTHR18934
O94888	O14048	Yes	No	PTHR23322	PTHR23322
P62312	Q9UUI1	Yes	Yes	PTHR11021	PTHR11021
P24534	O74173	Yes	Yes	PTHR11595	PTHR11595
P36578	Q9P784	Yes	No	PTHR19431	PTHR19431
P60709	P10989	Yes	No	PTHR11937	PTHR11937
Q5T2E6	O42972	Yes	No	PTHR13608	PTHR13608
Q149N8	Q9UTL9	Yes	No	PTHR45865	PTHR45865
Q9Y4P1	Q9P373	Yes	Yes	PTHR22624	PTHR22624
Q9NRK6	Q9Y7M7	Yes	Yes		PTHR24221
Q9NQW7	Q09795	Yes	Yes	PTHR43763	PTHR43763
Q969X6	O60161	Yes	Yes	PTHR44163	PTHR44163
Q9H8H2	O60173	Yes	No	PTHR24031	PTHR24031
P46782	O14277	Yes	No	PTHR11205	PTHR11205
P49643	O74761	Yes	Yes	PTHR10537	PTHR10537
P48735	O14254	Yes	Yes	PTHR11822	PTHR11822
Q9UBP6	Q96WV1	Yes	Yes	PTHR23417	PTHR23417
P61758	Q10143	Yes	Yes	PTHR12409	PTHR12409
Q9NYG5	Q9UT86	Yes	Yes	PTHR11210	PTHR11210
O60749	Q9C0U7	Yes	No	PTHR10555	PTHR10555
P0DI81	Q9USZ5	Yes	Yes	PTHR12403	PTHR12403
Q9Y519	Q09906	Yes	Yes	PTHR23423	PTHR23423
P13929	P40370	Yes	No	PTHR11902	PTHR11902
Q6IAN0	O74628	Yes	No	PTHR44196	PTHR43391
P57740	Q10331	Yes	No	PTHR13003	PTHR13003
Q96FX2	Q9UT33	Yes	Yes	PTHR21454	PTHR21454
Q8N9T8	Q09799	Yes	Yes	PTHR14490	PTHR14490
Q8IZH2	P40383	Yes	No	PTHR12341	PTHR12341
O60234	O13808	Yes	No	PTHR11249	PTHR11249
Q969E8	Q9UUA9	Yes	No	PTHR21250	PTHR21250
Q9H1Y0	O74971	Yes	Yes	PTHR13040	PTHR13040
Q96H72	Q9UT11	Yes	No	PTHR16950	PTHR16950
P14618	Q10208	Yes	Yes	PTHR11817	PTHR11817
P23381	Q09692	Yes	Yes	PTHR10055	PTHR10055
P54098	Q12704	Yes	Yes	PTHR10267	PTHR10267
O00258	Q9HGM2	Yes	No	PTHR42650	PTHR42650
O75390	Q10306	Yes	Yes	PTHR11739	PTHR11739
P43351	P36592	Yes	No	PTHR12132	PTHR12132
Q14722	O59826	Yes	Yes	PTHR43150	PTHR43150
P62253	Q9Y818	Yes	Yes	PTHR24067	PTHR24067
Q03701	O36021	Yes	No	PTHR12048	PTHR12048
Q86VD9	Q09837	Yes	No	PTHR22760	PTHR22760
Q969Y2	Q9UTE7	Yes	Yes	PTHR42714	PTHR42714
P20645	O59745	Yes	No	PTHR15071	PTHR15071
P40937	O14003	Yes	Yes	PTHR11669	PTHR11669
P62266	P0CT75	Yes	Yes	PTHR11652	PTHR11652
Q9BYB4	Q9UTR9	Yes	Yes	PTHR19854	PTHR19854
P60981	P78929	Yes	No	PTHR11913	PTHR11913
O75907	Q9UU82	Yes	No	PTHR10408	PTHR10408
P55263	P78825	Yes	Yes	PTHR45769	PTHR45769
Q6V0L0	O13820	Yes	No	PTHR24286	PTHR24286
Q9Y324	O13610	Yes	Yes	PTHR12416	PTHR12416
Q15814	Q9P3T8	Yes	No	PTHR15139	PTHR15139
Q5H8A4	Q09782	Yes	No	PTHR23072	PTHR23072
Q9Y5J9	Q09783	Yes	Yes	PTHR19338	PTHR19338
O60287	O74415	Yes	No	PTHR13500	PTHR13500
Q6ZMT4	O94603	Yes	No	PTHR23123	PTHR23123
P62891	P05767	Yes	No	PTHR19970	PTHR19970
P62899	Q9URX6	Yes	Yes	PTHR10956	PTHR10956
Q2TAP0	Q10182	Yes	No	PTHR13254	PTHR13254
Q53H54	Q09832	Yes	No	PTHR23245	PTHR23245
O75586	Q9US45	Yes	No	PTHR13104	PTHR13104
O75648	O13947	Yes	Yes	PTHR11933	PTHR11933
P06744	P78917	Yes	Yes	PTHR11469	PTHR11469
P50991	P50999	Yes	Yes	PTHR11353	PTHR11353
Q6NXT6	O60067	Yes	No	PTHR13317	PTHR13317
Q9Y399	O13970	Yes	No	PTHR12534	PTHR12534
Q16877	Q9URZ7	Yes	No	PTHR10606	PTHR10606
O75817	O94251	Yes	No	PTHR15314	PTHR15314
Q9Y6D5	Q9UT02	Yes	No	PTHR10663	PTHR10663
P49761	Q10156	Yes	No	PTHR45646	PTHR45646
Q96JC9	A0ZWU1	Yes	No	PTHR15970	PTHR15970
Q7Z569	O13747	Yes	Yes	PTHR24007	PTHR24007
P42345	Q9Y7K2	Yes	Yes	PTHR11139	PTHR11139
O43159	Q10257	Yes	No	PTHR12787	PTHR12787
Q9NVU7	Q10342	Yes	Yes	PTHR12730	PTHR12730
Q7Z7A3	O94282	Yes	Yes	PTHR11807	PTHR11807
P35606	O42937	Yes	Yes	PTHR19876	PTHR19876
Q9Y6D9	P87169	Yes	No	PTHR23168	PTHR23168
P02766	O74492	Yes	No	PTHR10395	PTHR10395
Q8N5D0	O94527	Yes	No	PTHR15574	PTHR15574
Q9NVM6	Q9P7C6	Yes	Yes	PTHR44313	PTHR44313
Q12834	P78972	Yes	Yes	PTHR19918	PTHR19918
Q9H2D1	O13660	Yes	Yes	PTHR45683	PTHR45683
Q9BTE0	Q9USR6	Yes	Yes	PTHR13256	PTHR13256
Q86TG1	Q9Y7U1	Yes	No	PTHR21324	PTHR21324
Q96IC2	O94443	Yes	No	PTHR12801	PTHR12801
P55769	O74690	Yes	Yes	PTHR23105	PTHR23105
Q9Y6B6	Q01475	Yes	Yes	PTHR45684	PTHR45684
Q8TCJ2	O94335	Yes	Yes	PTHR13872	PTHR13872
Q86Y37	O74547	Yes	No	PTHR46636	PTHR32428
Q9BUP3	O74482	Yes	No	PTHR14097	PTHR12126
Q14562	O42643	Yes	Yes	PTHR18934	PTHR18934
Q9Y2Z9	Q9Y7Z9	Yes	Yes	PTHR43876	PTHR43876
Q08623	O14165	Yes	Yes	PTHR18901	PTHR18901
Q96FV9	Q9URT2	Yes	No	PTHR13265	PTHR13265
Q9P015	Q9Y7M5	Yes	No	PTHR12934	PTHR12934
Q13257	O14417	Yes	Yes	PTHR11842	PTHR11842
Q9BQT8	Q9P3T7	Yes	Yes	PTHR46356	PTHR45678
Q9Y5U8	O74847	Yes	No	PTHR14154	PTHR14154
O15514	O74825	Yes	Yes	PTHR21297	PTHR21297
Q9NYP7	Q9UTF7	Yes	No	PTHR11157	PTHR11157
O75688	Q09172	Yes	No	PTHR47992	PTHR13832
P38117	Q9UTH2	Yes	Yes	PTHR21294	PTHR21294
Q8WU90	Q9USV4	Yes	No	PTHR12681	PTHR12681
P21912	P21911	Yes	Yes	PTHR11921	PTHR11921
O60488	Q9P7D7	Yes	No	PTHR43272	PTHR43272
P14854	O94581	Yes	Yes	PTHR11387	PTHR46281
Q13200	P87048	Yes	Yes	PTHR10943	PTHR10943
Q9Y4I1	O94477	Yes	No	PTHR13140	PTHR13140
Q9UHQ4	O14290	Yes	No	PTHR12701	PTHR12701
Q9Y4X5	Q9P3U4	Yes	Yes	PTHR11685	PTHR11685
Q9H6U8	Q9P7Q9	Yes	Yes	PTHR22760	PTHR22760
Q9Y5K3	O74975	Yes	No	PTHR10739	PTHR10739
Q9UGC7	Q09691	Yes	No	PTHR43804	PTHR43804
Q7Z3B4	O42963	Yes	No	PTHR13000	PTHR13000
Q15544	Q9US54	Yes	No	PTHR13218	PTHR13218
P39023	P40372	Yes	Yes	PTHR11363	PTHR11363
Q9H063	O14109	Yes	Yes	PTHR22504	PTHR22504
P04424	P40369	Yes	No	PTHR43814	PTHR43814
Q9H4A5	O14205	Yes	No	PTHR12704	PTHR12704
Q8WXB1	Q9UT28	Yes	No	PTHR14614	PTHR14614
Q9Y230	O94692	Yes	Yes	PTHR11093	PTHR11093
P33993	O75001	Yes	Yes	PTHR11630	PTHR11630
Q86TP1	O14094	Yes	No	PTHR12112	PTHR12112
Q92539	Q9UUJ6	Yes	No	PTHR12181	PTHR12181
P32780	O13745	Yes	Yes	PTHR12856	PTHR12856
P06493	P04551	Yes	No	PTHR24056	PTHR24056
Q9UL33	O13732	Yes	Yes	PTHR12403	PTHR12403
P28062	P30655	Yes	Yes	PTHR11599	PTHR11599
Q9H3E2	Q9USN1	Yes	No	PTHR22775	PTHR22775
Q15006	O60110	Yes	No	PTHR12760	PTHR12760
Q7Z6J8	O74751	Yes	No	PTHR31531	PTHR31531
Q9H3S5	Q9P6R5	Yes	Yes	PTHR12886	PTHR12886
P04181	Q9P7L5	Yes	Yes	PTHR11986	PTHR11986
Q08752	Q11004	Yes	Yes	PTHR11071	PTHR11071
Q15649	O36031	Yes	Yes	PTHR13483	PTHR13483
P52758	O43003	Yes	No	PTHR11803	PTHR11803
Q9Y295	Q9UT21	Yes	Yes	PTHR43127	PTHR43127
Q8N465	Q9C1X2	Yes	Yes	PTHR43716	PTHR43716
Q9C086	O14210	Yes	No	PTHR21561	PTHR21561
P17987	O94501	Yes	Yes	PTHR11353	PTHR11353
Q9NRA0	O14159	Yes	No	PTHR12358	PTHR12358
P62877	O13959	Yes	Yes	PTHR11210	PTHR11210
Q99613	O14164	Yes	No	PTHR13937	PTHR13937
P48728	O14110	Yes	Yes	PTHR43757	PTHR43757
Q92890	O42915	Yes	No	PTHR12555	PTHR12555
Q9GZV3	Q9URY6	Yes	No	PTHR45897	PTHR46154
Q01780	Q10146	Yes	No	PTHR12124	PTHR12124
Q9P2J5	Q10490	Yes	Yes	PTHR45794	PTHR45794
Q07837	Q9P6J3	Yes	No	PTHR10357	PTHR10357
P13804	P78790	Yes	Yes	PTHR43153	PTHR43153
Q9Y4W6	Q9HGM3	Yes	Yes	PTHR43655	PTHR43655
P46783	O13614	Yes	No	PTHR12146	PTHR12146
Q9NUE0	O74384	Yes	No	PTHR22883	PTHR22883
O00628	P78798	Yes	Yes	PTHR46027	PTHR46027
P67775	P23635	Yes	No	PTHR45619	PTHR45619
Q8TBK2	Q9P6L2	Yes	No	PTHR13271	PTHR13271
Q9BT73	Q9C0X2	Yes	No	PTHR31051	PTHR31051
Q96DP5	Q9UTG6	Yes	No	PTHR11138	PTHR11138
P63173	Q9USR7	Yes	Yes	PTHR10965	PTHR10965
Q96GX9	Q9HE08	Yes	Yes	PTHR10640	PTHR10640
Q9NP77	O42868	Yes	Yes	PTHR20383	PTHR20383
P34896	O13972	Yes	No	PTHR11680	PTHR11680
Q5H9E4	O59674	Yes	No	PTHR46131	PTHR45624
A6NK58	O36017	Yes	Yes	PTHR10993	PTHR10993
Q9UBB4	Q09888	Yes	No	PTHR13255	PTHR13255
O14735	Q10153	Yes	Yes	PTHR15362	PTHR15362
P07741	O42842	Yes	Yes	PTHR32315	PTHR32315
Q8N122	P87141	Yes	Yes	PTHR12848	PTHR12848
P40227	O94515	Yes	Yes	PTHR11353	PTHR11353
O96019	Q9P7X7	Yes	No	PTHR11937	PTHR11937
P35749	O14157	Yes	No	PTHR45615	PTHR45615
Q8TBQ9	G2TRS3	Yes	Yes	PTHR13229	PTHR13229
Q96AA3	O94302	Yes	Yes	PTHR13117	PTHR13117
Q9BXS5	Q9HFE5	Yes	Yes	PTHR10529	PTHR10529
O60884	O74752	Yes	No	PTHR43888	PTHR43888
P23588	O14369	Yes	No	PTHR23236	PTHR23236
Q9Y3Q0	O43023	Yes	No	PTHR10404	PTHR10404
Q9NPC4	O14084	Yes	No	PTHR12042	PTHR32385
P50443	O74377	Yes	No	PTHR11814	PTHR11814
Q9HD47	O75002	Yes	Yes	PTHR15837	PTHR15837
P25787	O94579	Yes	Yes	PTHR11599	PTHR11599
Q9BXY0	Q9UTE6	Yes	No	PTHR23405	PTHR23405
P62917	P0CT72	Yes	Yes	PTHR13691	PTHR13691
Q9P003	Q9P6K6	Yes	Yes	PTHR12290	PTHR12290
P49411	Q9Y700	Yes	Yes	PTHR43721	PTHR43721
Q7L5Y9	Q9URU9	Yes	Yes	PTHR12170	PTHR12170
P53602	O13963	Yes	Yes	PTHR10977	PTHR10977
P18754	P28745	Yes	Yes	PTHR45982	PTHR45982
P31350	P36603	Yes	Yes	PTHR23409	PTHR23409
P51398	O59677	Yes	No	PTHR12810	PTHR12810
Q5U5R9	O94275	Yes	Yes	PTHR45622	PTHR45622
Q8TED0	O94365	Yes	Yes	PTHR19924	PTHR19924
Q9BTX3	O14193	Yes	No	PTHR13505	PTHR13505
P31150	Q10305	Yes	Yes	PTHR11787	PTHR11787
Q9Y5Z0	O59774	Yes	No	PTHR47965	PTHR47966
Q8IYB5	Q9UT34	Yes	No	PTHR45705	PTHR45705
P61086	O74810	Yes	Yes	PTHR24068	PTHR24068
O00566	O13910	Yes	No	PTHR17039	PTHR17039
Q12772	Q9UUD1	Yes	No	PTHR46062	PTHR47336
Q96JB2	Q9Y7Z4	Yes	No	PTHR13302	PTHR13302
P10253	Q09901	Yes	Yes	PTHR22762	PTHR22762
P43304	O14400	Yes	No	PTHR11985	PTHR11985
P33981	O94235	Yes	No	PTHR22974	PTHR22974
Q9H4A9	O59832	Yes	No	PTHR10443	PTHR10443
Q15435	P22194	Yes	No	PTHR45973	PTHR15454
Q9ULC4	P87313	Yes	No	PTHR22798	PTHR22798
O95563	Q09896	Yes	Yes	PTHR14154	PTHR14154
P30049	Q9P6R6	Yes	Yes	PTHR13822	PTHR13822
P62987	P0CH07	Yes	Yes	PTHR10666	PTHR10666
Q15382	O94363	Yes	Yes	PTHR24070	PTHR24070
Q9P0U3	O42957	Yes	No	PTHR12606	PTHR12606
Q96K49	O13989	Yes	No	PTHR21229	PTHR21229
Q0PNE2	O74385	Yes	No	PTHR16184	PTHR16184
Q9Y217	O13819	Yes	Yes	PTHR10807	PTHR10807
P23921	P36602	Yes	Yes	PTHR11573	PTHR11573
P12081	O43011	Yes	Yes	PTHR11476	PTHR11476
P35244	Q92374	Yes	No	PTHR15114	PTHR15114
P38919	Q10055	Yes	Yes	PTHR47958	PTHR47958
Q8IWX7	O74994	Yes	No	PTHR45994	PTHR45994
Q9Y2T3	O14057	Yes	Yes	PTHR11271	PTHR11271
Q13547	O59702	Yes	Yes	PTHR48252	PTHR48252
Q9UH36	O60093	Yes	No	PTHR28626	PTHR28626
Q9Y5J1	P78750	Yes	Yes	PTHR18359	PTHR18359
Q9NV31	O13835	Yes	Yes	PTHR11831	PTHR11831
Q96DF8	O59793	Yes	Yes	PTHR12940	PTHR12940
Q9NX18	Q10440	Yes	No	PTHR12469	PTHR12469
Q9BWJ5	Q9P7R6	Yes	Yes	PTHR20978	PTHR20978
P49770	Q9UT76	Yes	Yes	PTHR45859	PTHR45859
P14735	O14077	Yes	Yes	PTHR43690	PTHR43690
Q15813	Q10303	Yes	No	PTHR15140	PTHR15140
Q29RF7	Q9HFF5	Yes	No	PTHR12663	PTHR12663
P35232	Q9P7H3	Yes	Yes	PTHR23222	PTHR23222
Q5JWR5	Q9C0Z4	Yes	No	PTHR14042	PTHR14042
Q9GZR7	O74393	Yes	No	PTHR24031	PTHR24031
Q9P1W3	Q09809	Yes	No	PTHR13018	PTHR13018
P52732	P24339	Yes	No	PTHR47970	PTHR47970
P32320	Q09190	Yes	Yes	PTHR11644	PTHR11644
Q13686	O60066	Yes	No	PTHR16557	PTHR16557
Q99518	Q9HFE4	Yes	Yes	PTHR23023	PTHR23023
Q9H8H3	O43033	Yes	No	PTHR42912	PTHR42912
P07195	Q9P7P7	Yes	No	PTHR43128	PTHR43128
Q8NI36	O14053	Yes	Yes	PTHR22840	PTHR22840
Q9UBZ9	O94623	Yes	No	PTHR45990	PTHR45990
Q9NYU1	Q09140	Yes	Yes	PTHR11226	PTHR11226
Q99447	Q9UTI6	Yes	Yes	PTHR45780	PTHR45780
Q99497	Q10356	Yes	Yes	PTHR48094	PTHR48094
Q9UQQ1	O43023	Yes	No	PTHR10404	PTHR10404
P50579	O60085	Yes	Yes	PTHR45777	PTHR45777
Q9Y5Q9	O74458	Yes	No	PTHR23082	PTHR23082
Q9NX74	O74731	Yes	No	PTHR45936	PTHR45936
O95861	O94505	Yes	No	PTHR43028	PTHR43200
Q15054	P30261	Yes	No	PTHR17598	PTHR17598
P62888	Q9UTP0	Yes	No	PTHR11449	PTHR11449
P51948	O94684	Yes	No	PTHR12683	PTHR12683
P62847	O13784	Yes	No	PTHR10496	PTHR10496
Q4VC12	Q9UTB4	Yes	No	PTHR46920	PTHR28069
Q96FK6	Q9Y7T2	Yes	Yes	PTHR22889	PTHR22889
P47224	O43057	Yes	Yes	PTHR13276	PTHR13276
P50213	Q9USP8	Yes	Yes	PTHR11835	PTHR11835
O95396	Q09810	Yes	Yes	PTHR10953	PTHR10953
P83876	P87215	Yes	Yes	PTHR12052	PTHR12052
Q7RTV0	Q9UTB8	Yes	Yes	PTHR13120	PTHR13120
Q8IXI2	O59781	Yes	No	PTHR24072	PTHR24072
O95214	Q9UUH1	Yes	Yes	PTHR12050	PTHR12050
Q7L1V2	Q10150	Yes	No	PTHR13027	PTHR13027
Q15691	Q10113	Yes	No	PTHR10623	PTHR10623
Q8WTW3	Q9UTL1	Yes	No	PTHR31658	PTHR31658
Q99741	P41411	Yes	No	PTHR10763	PTHR10763
O75643	Q9UT24	Yes	Yes	PTHR24075	PTHR24075
P62906	O14363	Yes	No	PTHR23105	PTHR23105
Q9UHQ9	O74557	Yes	Yes	PTHR19370	PTHR19370
P36507	P10506	Yes	Yes	PTHR48013	PTHR48013
Q2VPK5	Q9UUC7	Yes	No	PTHR20882	PTHR20882
Q8N2U0	Q9P7G8	Yes	No	PTHR43461	PTHR43461
P60484	O94526	Yes	No	PTHR12305	PTHR12305
Q86W50	O42662	Yes	No	PTHR13393	PTHR13393
P15170	O74718	Yes	No	PTHR23115	PTHR23115
Q86WV5	P0C5Y7	Yes	No	PTHR33905	
Q9H8Y5	O74977	Yes	No	PTHR16036	PTHR16036
P36543	O13687	Yes	Yes	PTHR45715	PTHR45715
P46777	O74306	Yes	Yes	PTHR23410	PTHR23410
Q5JTH9	Q9C0X8	Yes	Yes	PTHR21576	PTHR21576
O43463	O60016	Yes	Yes	PTHR46223	PTHR45660
Q5SRE5	Q9P7M8	Yes	No	PTHR31431	PTHR31431
P22570	O59710	Yes	Yes	PTHR11938	PTHR11938
Q13415	P54789	Yes	No	PTHR10763	PTHR10763
Q9UHY7	Q9P6Q2	Yes	Yes	PTHR20371	PTHR20371
O15381	O14325	Yes	No	PTHR23077	PTHR23077
P62314	O42661	Yes	Yes	PTHR23338	PTHR23338
Q99436	Q09841	Yes	Yes	PTHR11599	PTHR11599
Q13426	Q92361	Yes	No	PTHR28559	
Q9BQC3	Q10206	Yes	Yes	PTHR10762	PTHR10762
P61201	Q9HFR0	Yes	Yes	PTHR10678	PTHR10678
A0PJW6	Q9C0W3	Yes	No	PTHR14549	
O15116	P87173	Yes	Yes	PTHR15588	PTHR15588
P49917	O74833	Yes	Yes	PTHR45997	PTHR45997
Q8IUR0	Q9P7N9	Yes	Yes	PTHR20902	PTHR20902
Q9NV06	O74340	Yes	Yes	PTHR22851	PTHR22851
Q9BTM9	Q9P3U9	Yes	Yes	PTHR14986	PTHR14986
O15194	Q09695	Yes	No	PTHR12210	PTHR12210
P62491	P17610	Yes	No	PTHR47979	PTHR47979
Q5VTY9	Q09758	Yes	No	PTHR13285	PTHR13285
Q8NCW5	O13725	Yes	Yes	PTHR13232	PTHR13232
Q96Q05	O14251	Yes	No	PTHR21512	PTHR21512
P0DTE8	Q9Y7S9	Yes	No	PTHR43447	PTHR10357
Q9NV66	O59761	Yes	No	PTHR13930	PTHR13930
P43686	O74894	Yes	Yes	PTHR23073	PTHR23073
Q15631	Q9P7V3	Yes	Yes	PTHR10741	PTHR10741
Q9H553	Q96WW6	Yes	Yes	PTHR45918	PTHR45918
O95067	P10815	Yes	No	PTHR10177	PTHR10177
Q9UJY4	Q10410	Yes	No	PTHR45905	PTHR47180
O75191	Q9C0U6	Yes	Yes	PTHR10196	PTHR10196
Q96EK9	Q9P7V4	Yes	Yes	PTHR12435	PTHR12435
P51946	P36613	Yes	No	PTHR10026	PTHR10026
Q13724	O14255	Yes	Yes	PTHR10412	PTHR10412
Q9NP81	Q9UTB2	Yes	Yes	PTHR11778	PTHR11778
Q9NWZ5	O74427	Yes	Yes	PTHR10285	PTHR10285
Q8NHR9	P39825	Yes	Yes	PTHR11604	PTHR11604
P0DPB6	Q09177	Yes	No	PTHR13946	PTHR13946
O75106	Q9P7F2	Yes	No	PTHR10638	PTHR10638
Q9NPQ8	G2TRT0	Yes	No	PTHR12425	PTHR12425
O75821	P78795	Yes	Yes	PTHR10352	PTHR10352
Q8WV22	Q53EK2	Yes	Yes	PTHR20973	PTHR20973
Q00325	Q9P7V8	Yes	Yes	PTHR45671	PTHR45671
Q9H790	Q9Y7L4	Yes	Yes	PTHR14464	PTHR14464
Q06609	P36601	Yes	Yes	PTHR22942	PTHR22942
Q9Y3B2	O59821	Yes	Yes	PTHR12686	PTHR12686
P53582	O59730	Yes	Yes	PTHR43330	PTHR43330
P47897	Q9Y7Y8	Yes	Yes	PTHR43097	PTHR43097
Q9NY93	O60080	Yes	Yes	PTHR24031	PTHR24031
P25786	O14250	Yes	Yes	PTHR11599	PTHR11599
Q9H0A0	P87115	Yes	Yes	PTHR10925	PTHR10925
Q9H1A4	Q9URV2	Yes	No	PTHR12827	PTHR12827
Q5TBB1	O94627	Yes	No	PTHR13383	PTHR13383
Q6PI26	O43076	Yes	No	PTHR12967	PTHR12967
Q86VN1	O43038	Yes	No	PTHR13128	PTHR13128
P28715	P28706	Yes	No	PTHR16171	PTHR16171
Q9BRS2	O42650	Yes	Yes	PTHR45723	PTHR45723
P54819	P33075	Yes	Yes	PTHR23359	PTHR23359
Q9ULR0	O74370	Yes	No	PTHR13021	PTHR13021
O94808	Q09740	Yes	Yes	PTHR10937	PTHR10937
Q13535	Q02099	Yes	No	PTHR11139	PTHR11139
Q8NEG7	O94674	Yes	No	PTHR13677	PTHR28245
P41250	Q10179	Yes	Yes	PTHR10745	PTHR10745
Q16181	O36023	Yes	Yes	PTHR18884	PTHR18884
O75792	Q10236	Yes	No	PTHR10954	PTHR10954
O60493	O94291	Yes	Yes	PTHR45963	PTHR45963
Q9NVA1	Q9USK6	Yes	No	PTHR12184	PTHR12184
P62805	P09322	Yes	Yes	PTHR10484	PTHR10484
P67870	P40232	Yes	Yes	PTHR11740	PTHR11740
A5YKK6	P87112	Yes	No	PTHR13162	PTHR13162
O60508	O43071	Yes	Yes	PTHR43979	PTHR43979
Q9UBU8	O13953	Yes	Yes	PTHR10880	PTHR10880
Q00535	O74456	Yes	No	PTHR24056	PTHR24056
O94979	O13637	Yes	No	PTHR13923	PTHR13923
Q9Y4R8	Q9P3W5	Yes	No	PTHR15830	PTHR15830
Q9UN37	Q09803	Yes	No	PTHR23074	PTHR23074
P51793	O60159	Yes	No	PTHR45711	PTHR45711
P63220	P05764	Yes	Yes	PTHR10442	PTHR10442
Q8TDN6	Q9HGL6	Yes	Yes	PTHR13634	PTHR13634
P19447	O13768	Yes	Yes	PTHR11274	PTHR11274
Q99460	O74762	Yes	Yes	PTHR10943	PTHR10943
Q76MJ5	O94537	Yes	No	PTHR13954	PTHR13954
P24752	Q9UQW6	Yes	Yes	PTHR18919	PTHR18919
O75575	Q9C0Z9	Yes	Yes	PTHR15561	PTHR15561
Q14690	O74835	Yes	Yes	PTHR23270	PTHR23270
Q969M1	O13656	Yes	No	PTHR10802	PTHR10802
Q9P0J6	O94690	Yes	No	PTHR46909	PTHR46909
Q8N5U6	O94271	Yes	No	PTHR12983	PTHR12983
Q9UNI6	O13632	Yes	Yes	PTHR45848	PTHR45848
Q5TC12	P87127	Yes	No	PTHR13126	PTHR13126
Q9Y5R8	Q9UT70	Yes	Yes	PTHR23249	PTHR23249
O14929	Q9UTM7	Yes	Yes	PTHR12046	PTHR12046
Q14CX7	Q9Y809	Yes	No	PTHR22767	PTHR22767
Q86UA1	O74970	Yes	No	PTHR17204	PTHR17204
Q9NTJ3	P41004	Yes	Yes	PTHR43939	PTHR18937
Q9NV96	Q1MTQ5	Yes	No	PTHR10926	PTHR10926
P04040	P55306	Yes	Yes	PTHR11465	PTHR11465
Q9NW08	Q10233	Yes	Yes	PTHR20856	PTHR20856
O15270	Q09925	Yes	Yes	PTHR13693	PTHR13693
P35557	Q09756	Yes	No	PTHR19443	PTHR19443
P11488	Q04665	Yes	No	PTHR10218	PTHR10218
Q9BZE2	Q9UTB3	Yes	No	PTHR11142	PTHR11142
O43257	O59669	Yes	Yes	PTHR13093	PTHR13093
O75694	Q9URX8	Yes	Yes	PTHR10350	PTHR10350
Q96EB1	Q9USP1	Yes	Yes	PTHR12896	PTHR12896
Q9UBH6	Q9UU86	Yes	Yes	PTHR10783	PTHR10783
O14757	P34208	Yes	Yes	PTHR24343	PTHR43895
Q9H477	O60116	Yes	Yes	PTHR10584	PTHR10584
P62308	O74966	Yes	Yes	PTHR10553	PTHR10553
Q96I59	Q9P6I0	Yes	Yes	PTHR22594	PTHR22594
Q14738	Q10428	Yes	Yes	PTHR10257	PTHR10257
Q8IVS2	O13698	Yes	Yes	PTHR42681	PTHR42681
O43679	O74364	Yes	No	PTHR10378	PTHR10378
P49914	Q9P7W2	Yes	Yes	PTHR23407	PTHR23407
Q6VN20	O94712	Yes	No	PTHR12864	PTHR12864
Q9NP58	Q02592	Yes	No	PTHR24221	PTHR24221
P24390	O94270	Yes	No	PTHR10585	PTHR10585
P53007	O13844	Yes	Yes	PTHR45788	PTHR45788
Q9H444	Q9P7F7	Yes	Yes	PTHR22761	PTHR22761
Q9UBM1	O74827	Yes	Yes	PTHR15458	PTHR15458
P40926	Q9Y7R8	Yes	Yes	PTHR11540	PTHR11540
Q6XQN6	Q9UTK3	Yes	No	PTHR11098	PTHR11098
Q15543	O60076	Yes	No	PTHR11380	PTHR11380
O77932	O13836	Yes	Yes	PTHR12395	PTHR12395
P49721	Q09720	Yes	Yes	PTHR11599	PTHR11599
Q8NBP5	O42922	Yes	No	PTHR23504	PTHR23501
Q9Y5Q8	O14229	Yes	No	PTHR13230	PTHR13230
Q14331	Q9P7X3	Yes	No	PTHR12928	PTHR12928
P49589	Q09860	Yes	Yes	PTHR10890	PTHR10890
Q6P9B6	O94644	Yes	No	PTHR23354	PTHR23354
P35269	O94416	Yes	No	PTHR13011	PTHR13011
P17174	O42652	Yes	Yes	PTHR11879	PTHR11879
P42696	O13741	Yes	Yes	PTHR23236	PTHR23236
Q9BWT6	Q09739	Yes	Yes	PTHR31398	PTHR31398
Q12788	Q9USN3	Yes	Yes	PTHR19854	PTHR19854
O43741	P78789	Yes	No	PTHR10343	PTHR10343
P45880	Q9P544	Yes	Yes	PTHR11743	PTHR11743
Q13868	Q09704	Yes	Yes	PTHR21321	PTHR21321
P52815	Q9USJ9	Yes	Yes	PTHR45987	PTHR45987
P49279	Q10177	Yes	Yes	PTHR11706	PTHR11706
Q8N8Q3	Q10348	Yes	Yes	PTHR28511	PTHR28511
O60930	Q9UST8	Yes	Yes	PTHR10642	PTHR10642
Q86TV6	O94441	Yes	No	PTHR23083	PTHR23083
Q9BT67	Q9P3T9	Yes	No	PTHR13396	PTHR13396
O15160	O94616	Yes	Yes	PTHR11800	PTHR11800
Q9Y5L0	Q9USZ2	Yes	Yes	PTHR12363	PTHR12363
Q96EL3	P62506	Yes	No	PTHR33618	PTHR28236
Q86V81	Q9URV0	Yes	No	PTHR19965	PTHR19965
O60294	O60157	Yes	No	PTHR46529	PTHR13600
Q8NFH4	O36030	Yes	No	PTHR22806	PTHR22806
Q96A65	O74562	Yes	No	PTHR14146	PTHR14146
O43312	Q09822	Yes	No	PTHR15708	PTHR23065
Q9Y276	Q9P6Q3	Yes	Yes	PTHR23070	PTHR23070
P48553	O74501	Yes	No	PTHR13251	PTHR13251
Q6P1K8	O74995	Yes	Yes	PTHR12695	PTHR12695
P00403	P21534	Yes	Yes	PTHR22888	PTHR22888
P98175	P87143	Yes	No	PTHR13948	PTHR13948
O75153	O59742	Yes	Yes	PTHR12601	PTHR12601
P30305	P06652	Yes	No	PTHR10828	PTHR10828
O95433	Q9P782	Yes	Yes	PTHR13009	PTHR13009
P52306	O60077	Yes	No	PTHR10957	PTHR10957
Q9UGM6	O42875	Yes	Yes	PTHR43766	PTHR43766
Q53F39	Q9UUH0	Yes	Yes	PTHR13315	PTHR13315
Q9GZS3	Q09150	Yes	Yes	PTHR44090	PTHR44090
P54198	O74309	Yes	No	PTHR13831	PTHR13831
Q13526	O74448	Yes	Yes	PTHR10657	PTHR10657
Q15070	O43092	Yes	No	PTHR12428	PTHR12428
P53618	Q9UUF7	Yes	Yes	PTHR10635	PTHR10635
Q8N442	O13869	Yes	Yes	PTHR43512	PTHR43512
Q96MF7	Q4PIR3	Yes	No	PTHR21330	PTHR21330
Q5JRX3	O42908	Yes	Yes	PTHR43016	PTHR43016
Q9HAV4	O14116	Yes	Yes	PTHR11223	PTHR11223
P25325	Q9USJ1	Yes	Yes	PTHR11364	PTHR11364
Q9Y3T9	Q9P7G0	Yes	Yes	PTHR12687	PTHR12687
Q07021	O94675	Yes	Yes	PTHR10826	PTHR10826
P62330	Q9Y7Z2	Yes	Yes	PTHR11711	PTHR11711
Q9HBM1	Q10430	Yes	No	PTHR14281	PTHR14281
Q96EE3	Q10099	Yes	Yes	PTHR11024	PTHR11024
P48449	Q10231	Yes	Yes	PTHR11764	PTHR11764
Q9BVA1	P05219	Yes	No	PTHR11588	PTHR11588
Q8IWA0	O13878	Yes	No	PTHR44215	PTHR44215
Q9H4B4	P50528	Yes	Yes	PTHR24345	PTHR24345
Q5BJH7	P87148	Yes	Yes	PTHR14083	PTHR14083
Q5H9R7	O74511	Yes	No	PTHR12634	PTHR12634
P54105	O13777	Yes	No	PTHR21399	PTHR21399
P61160	Q9UUJ1	Yes	Yes	PTHR11937	PTHR11937
O00267	O13936	Yes	No	PTHR11125	PTHR11125
P30260	P10505	Yes	No	PTHR12558	PTHR12558
Q8TBC4	Q09765	Yes	Yes	PTHR10953	PTHR10953
Q9H7D7	Q9UT85	Yes	Yes	PTHR22838	PTHR22838
Q15185	Q11118	Yes	No	PTHR22932	PTHR22932
P62269	P0CT67	Yes	Yes	PTHR10871	PTHR10871
P78406	P41838	Yes	Yes	PTHR10971	PTHR10971
O43583	O42929	Yes	Yes	PTHR12789	PTHR12789
Q9UMX9	O14091	Yes	No	PTHR19432	PTHR19432
P10606	P79010	Yes	No	PTHR10122	PTHR10122
Q12986	O74853	Yes	No	PTHR12360	PTHR12360
P22061	Q9URZ1	Yes	Yes	PTHR11579	PTHR11579
O00762	O00103	Yes	Yes	PTHR24068	PTHR24068
Q96G21	O13823	Yes	Yes	PTHR22734	PTHR22734
Q66LE6	Q12702	Yes	Yes	PTHR11871	PTHR11871
P53992	Q9USS7	Yes	No	PTHR13803	PTHR13803
P61970	Q10100	Yes	Yes	PTHR12612	PTHR12612
Q96EY9	Q9P7N4	Yes	No	PTHR11079	PTHR11079
Q96S52	Q10351	Yes	Yes	PTHR21072	PTHR21072
Q9H2C2	Q9HDX5	Yes	Yes	PTHR14467	PTHR14467
Q9HCN4	O42906	Yes	Yes	PTHR21231	PTHR21231
Q9UJZ1	O60121	Yes	Yes	PTHR43327	PTHR43327
Q9UI30	Q09723	Yes	Yes	PTHR12773	PTHR12773
O43933	O74941	Yes	No	PTHR23077	PTHR23077
P56557	O43073	Yes	No	PTHR13180	PTHR13180
Q12846	Q9USH7	Yes	No	PTHR19957	PTHR19957
Q8TB40	O14249	Yes	Yes	PTHR42886	PTHR42886
P36871	O74374	Yes	Yes	PTHR22573	PTHR22573
Q8NI77	O14343	Yes	No	PTHR24115	PTHR24115
Q9H9F9	Q9Y7X8	Yes	No	PTHR11937	PTHR11937
Q6GTS8	O13968	Yes	Yes	PTHR45962	PTHR45962
O60487	Q9P7K7	Yes	No	PTHR13869	
Q9NXC5	Q09866	Yes	No	PTHR16453	PTHR16453
Q9BZJ0	P87312	Yes	Yes	PTHR11246	PTHR11246
Q9Y5M8	O13950	Yes	No	PTHR11485	PTHR11711
P62942	O42993	Yes	Yes	PTHR10516	PTHR10516
P35250	O94449	Yes	Yes	PTHR11669	PTHR11669
Q9Y6M5	O13918	Yes	No	PTHR45820	PTHR45820
O14818	Q10329	Yes	Yes	PTHR11599	PTHR11599
P48506	Q09768	Yes	Yes	PTHR11164	PTHR11164
Q8NI60	Q92338	Yes	No	PTHR43851	PTHR43851
O43290	O94538	Yes	No	PTHR14152	PTHR14152
P82664	O60186	Yes	No	PTHR13334	PTHR11700
Q13112	O13985	Yes	Yes	PTHR15271	PTHR15271
Q13952	P79007	Yes	No	PTHR10252	PTHR10252
Q92621	P78847	Yes	No	PTHR31344	PTHR31344
Q99943	Q9US20	Yes	No	PTHR10434	PTHR10434
Q7Z2K6	O94702	Yes	No	PTHR12147	PTHR12147
A0PJK1	O94469	Yes	No	PTHR11819	PTHR46154
Q14566	P49731	Yes	Yes	PTHR11630	PTHR11630
Q96AX1	Q9P7V6	Yes	Yes	PTHR11679	PTHR11679
Q8N142	Q02787	Yes	Yes	PTHR11846	PTHR11846
P26373	O74175	Yes	Yes	PTHR11722	PTHR11722
P29401	Q9URM2	Yes	Yes	PTHR43195	PTHR43522
P10809	Q09864	Yes	Yes	PTHR45633	PTHR45633
O94906	Q12381	Yes	Yes	PTHR11246	PTHR11246
Q8TD22	O13793	Yes	Yes	PTHR11153	PTHR11153
O95400	O94693	Yes	No	PTHR13138	PTHR13138
Q15035	P78970	Yes	No	PTHR12371	PTHR12560
Q96QK1	O74552	Yes	Yes	PTHR11099	PTHR11099
Q9NXC2	O13991	Yes	No	PTHR43818	PTHR43708
Q7L5A8	O13846	Yes	Yes	PTHR12863	PTHR12863
Q587I9	Q9P6K1	Yes	Yes	PTHR23137	PTHR23137
Q5T653	Q9Y7P4	Yes	No	PTHR13691	PTHR13691
P00480	P31317	Yes	Yes	PTHR45753	PTHR45753
Q8N0S6	O36024	Yes	No	PTHR31740	PTHR31740
Q9H1A7	P87123	Yes	Yes	PTHR13946	PTHR13946
P35268	Q09668	Yes	Yes	PTHR10064	PTHR10064
Q6ZP29	Q10482	Yes	Yes	PTHR16201	PTHR16201
P07098	O74430	Yes	No	PTHR11005	PTHR11005
P60228	O94513	Yes	Yes	PTHR10317	PTHR10317
Q08J23	O13935	Yes	Yes	PTHR22808	PTHR22808
Q6P587	Q9P7L4	Yes	Yes	PTHR11820	PTHR11820
P54920	Q9P4X4	Yes	No	PTHR13768	PTHR13768
Q9BUE0	O14198	Yes	No	PTHR13321	PTHR13321
P11177	Q09171	Yes	Yes	PTHR11624	PTHR11624
P62487	O14459	Yes	Yes	PTHR12709	PTHR12709
Q53HI1	P87155	Yes	Yes	PTHR12841	PTHR12841
Q9UKF6	O13794	Yes	Yes	PTHR11203	PTHR11203
Q7L523	O74824	Yes	Yes	PTHR11259	PTHR11259
Q14146	Q09804	Yes	No	PTHR15682	PTHR15682
P23526	O13639	Yes	Yes	PTHR23420	PTHR23420
Q5VXJ0	P78898	Yes	Yes	PTHR11005	PTHR11005
Q96H22	Q9C0W0	Yes	No	PTHR46790	
O00244	O74735	Yes	Yes	PTHR46365	PTHR46365
O15144	O14241	Yes	Yes	PTHR12058	PTHR12058
Q15477	O59801	Yes	Yes	PTHR12131	PTHR12131
Q9HCS7	Q9P7R9	Yes	Yes	PTHR11246	PTHR11246
Q15369	Q9USX9	Yes	Yes	PTHR20648	PTHR20648
Q13131	O74536	Yes	Yes	PTHR24343	PTHR24343
P30876	Q02061	Yes	Yes	PTHR20856	PTHR20856
Q01831	Q10445	Yes	No	PTHR12135	PTHR12135
Q06330	O74954	Yes	No	PTHR10665	PTHR10665
Q92994	Q9P6R0	Yes	No	PTHR11618	PTHR11618
O60524	Q9USN8	Yes	No	PTHR15239	PTHR15239
Q9H501	O74828	Yes	No	PTHR12202	PTHR12202
Q9H6P5	Q9P6N7	Yes	Yes	PTHR10188	PTHR10188
Q9NRG4	O94256	Yes	No	PTHR12197	PTHR12197
O00623	Q8TFH8	Yes	Yes	PTHR12888	PTHR12888
O00499	O74352	Yes	No	PTHR46514	PTHR47174
Q9NW68	O13905	Yes	No	PTHR16019	PTHR16019
Q9NQP4	Q9UTD4	Yes	Yes	PTHR21100	PTHR21100
P59910	Q09912	Yes	No	PTHR24078	PTHR24078
O95544	O13863	Yes	No	PTHR20275	PTHR20275
Q8TAT6	Q9P780	Yes	Yes	PTHR12710	PTHR12710
Q9UPZ9	O14132	Yes	No	PTHR24055	PTHR24055
Q9Y3B4	O59670	Yes	Yes	PTHR12785	
Q12980	Q9HGM7	Yes	Yes	PTHR13153	PTHR13153
O96011	Q10333	Yes	No	PTHR12652	PTHR12652
P17980	O14126	Yes	Yes	PTHR23073	PTHR23073
Q8TBZ6	O14214	Yes	No	PTHR13563	PTHR13563
Q969N2	O94380	Yes	Yes	PTHR12959	PTHR12959
Q9BQ75	O94465	Yes	No	PTHR24030	PTHR24030
O75533	Q10178	Yes	Yes	PTHR12097	PTHR12097
Q13206	Q9UTP9	Yes	No	PTHR24031	PTHR24031
P98194	O59868	Yes	Yes	PTHR42861	PTHR42861
Q8TEQ8	O13663	Yes	No	PTHR23071	PTHR23071
Q9NZM5	Q9UUI4	Yes	Yes	PTHR14211	PTHR14211
Q9Y2B2	Q9HDW9	Yes	Yes	PTHR12993	PTHR12993
Q5T440	Q09929	Yes	Yes	PTHR22602	PTHR22602
Q92900	Q09820	Yes	No	PTHR10887	PTHR10887
Q9UNX3	P78946	Yes	Yes	PTHR11143	PTHR11143
Q9Y672	O43053	Yes	No	PTHR12413	PTHR12413
Q9Y3B1	O59707	Yes	Yes	PTHR11158	PTHR11158
Q8N335	P21696	Yes	No	PTHR11728	PTHR11728
Q8NBF6	O13943	Yes	No	PTHR31017	PTHR31017
Q9NSD9	O42849	Yes	Yes	PTHR10947	PTHR10947
P52895	O42888	Yes	No	PTHR11732	PTHR11732
O14717	P40999	Yes	Yes	PTHR46098	PTHR46098
Q9NQZ7	Q9USP2	Yes	No	PTHR11782	PTHR11782
Q96CW5	Q9USQ2	Yes	No	PTHR19302	PTHR19302
Q9BY32	Q9UU89	Yes	Yes	PTHR11067	PTHR11067
O75716	Q10078	Yes	Yes	PTHR45998	PTHR45998
Q9H8P0	O14264	Yes	No	PTHR14624	PTHR14624
P15880	O74892	Yes	Yes	PTHR13718	PTHR13718
P63272	Q9P7K8	Yes	Yes	PTHR12882	PTHR12882
Q9NUW8	Q9USG9	Yes	No	PTHR12415	PTHR12415
O00231	Q9P7S2	Yes	Yes	PTHR10678	PTHR10678
P33991	P29458	Yes	Yes	PTHR11630	PTHR11630
Q4G0F5	Q10243	Yes	Yes	PTHR12233	PTHR12233
Q8N140	Q6BDR8	Yes	Yes	PTHR16140	PTHR16140
O43513	O60104	Yes	No	PTHR15498	PTHR21428
Q9BYG0	Q9USX0	Yes	No	PTHR11214	PTHR11214
Q02080	Q9HGP0	Yes	No	PTHR11945	PTHR11945
Q9H9T3	O14023	Yes	Yes	PTHR11135	PTHR11135
Q8IXJ6	Q9USN7	Yes	No	PTHR47651	PTHR47651
P18077	Q9USG6	Yes	Yes	PTHR10902	PTHR10902
Q9UBS8	Q9US46	Yes	Yes	PTHR11685	PTHR11685
Q3LXA3	O13902	Yes	No	PTHR28629	PTHR28629
P34972	Q00619	Yes	No	PTHR22750	PTHR28009
Q9BY50	O74323	Yes	Yes	PTHR10806	PTHR10806
Q9UK41	O13872	Yes	Yes	PTHR12937	PTHR12937
Q9H446	O94721	Yes	No	PTHR12292	PTHR12292
Q7L9L4	O94360	Yes	No	PTHR22599	PTHR22599
P61009	Q10259	Yes	Yes	PTHR12804	PTHR12804
Q96P11	O14039	Yes	Yes	PTHR22807	PTHR22807
Q86VP6	Q9P3A8	Yes	No	PTHR12696	PTHR12696
Q9BTX1	O13961	Yes	No	PTHR13269	PTHR13269
P37059	Q09851	Yes	No	PTHR43313	PTHR44169
Q8TDD1	Q09719	Yes	No	PTHR24031	PTHR24031
Q8NFV4	O94437	Yes	Yes	PTHR46118	PTHR46118
P29083	Q9P3W1	Yes	No	PTHR13097	PTHR13097
Q9Y2Z4	O74890	Yes	Yes	PTHR11766	PTHR11766
Q8TC36	Q09825	Yes	No	PTHR12911	PTHR12911
Q9Y5B0	Q9P376	Yes	No	PTHR23081	PTHR23081
P14314	Q9USH8	Yes	No	PTHR12630	PTHR12630
Q9HB90	O74544	Yes	Yes	PTHR11259	PTHR11259
Q9Y3E5	O13830	Yes	No	PTHR12649	PTHR12649
O75845	O94457	Yes	Yes	PTHR11863	PTHR11863
Q96EU6	Q9P6P2	Yes	No	PTHR21738	PTHR21738
P50747	O14353	Yes	Yes	PTHR12835	PTHR12835
O95373	O59809	Yes	Yes	PTHR10997	PTHR10997
G2XKQ0	O13351	Yes	No	PTHR10562	PTHR10562
O94822	O74349	Yes	No	PTHR12389	PTHR12389
Q9Y535	O94285	Yes	Yes	PTHR12709	PTHR12709
Q9NUX5	O13988	Yes	No	PTHR14513	PTHR14513
Q01813	O42938	Yes	No	PTHR13697	PTHR13697
O95757	O59838	Yes	Yes	PTHR45639	PTHR45639
P56937	O74732	Yes	Yes	PTHR44442	PTHR43647
P08865	Q9Y7L8	Yes	No	PTHR11489	PTHR11489
Q96CT7	O94389	Yes	No	PTHR21680	PTHR21680
Q86U38	Q92347	Yes	Yes	PTHR13102	PTHR13102
O43766	O13642	Yes	Yes	PTHR10949	PTHR10949
Q9NQH7	Q10439	Yes	Yes	PTHR43226	PTHR43226
Q99437	O14046	Yes	Yes	PTHR10263	PTHR10263
P62633	P36627	Yes	Yes	PTHR23002	PTHR23002
P68400	P40231	Yes	Yes	PTHR24054	PTHR24054
Q14683	O94383	Yes	Yes	PTHR18937	PTHR18937
O15212	O14450	Yes	No	PTHR21431	PTHR21431
Q92989	Q10299	Yes	Yes	PTHR12755	PTHR12755
O00487	P41878	Yes	Yes	PTHR10410	PTHR10410
P12814	O13728	Yes	Yes	PTHR11915	PTHR11915
Q12996	O14233	Yes	No	PTHR19980	PTHR19980
P30419	O43010	Yes	No	PTHR11377	PTHR11377
P49758	Q09777	Yes	No	PTHR45746	PTHR10845
Q13618	Q09760	Yes	Yes	PTHR11932	PTHR11932
P28070	Q9USQ9	Yes	Yes	PTHR11599	PTHR11599
Q9H2W6	O94398	Yes	No	PTHR13124	PTHR13124
Q969K4	Q10225	Yes	Yes	PTHR46231	PTHR46231
Q14232	Q9USP0	Yes	Yes	PTHR45860	PTHR45860
Q9H3J6	Q9Y811	Yes	No	PTHR46203	PTHR46203
Q9BW27	Q9UUE5	Yes	No	PTHR13373	PTHR13373
O95363	O74952	Yes	Yes	PTHR11538	PTHR11538
P59998	Q92352	Yes	Yes	PTHR22629	PTHR22629
Q9UPT5	Q10339	Yes	No	PTHR12542	PTHR12542
Q6DKK2	Q9P7N6	Yes	No	PTHR13143	PTHR28142
Q9Y617	Q10349	Yes	Yes	PTHR43247	PTHR43247
Q8WYA6	Q9UUK1	Yes	Yes	PTHR14978	PTHR14978
Q9BZL1	O94650	Yes	Yes	PTHR13042	PTHR13042
Q9H9E3	O74990	Yes	No	PTHR24016	PTHR24016
P28066	Q9UT97	Yes	Yes	PTHR11599	PTHR11599
Q9Y3D6	Q9USZ8	Yes	Yes	PTHR13247	PTHR13247
Q9H0U3	Q8TFH3	Yes	Yes	PTHR12692	PTHR12692
Q16512	P36582	Yes	No	PTHR24356	PTHR24356
Q9H6Y7	P87139	Yes	No	PTHR22765	PTHR22765
O43148	O74880	Yes	No	PTHR12189	PTHR12189
P22392	P49740	Yes	No	PTHR11349	PTHR11349
P49915	Q9P772	Yes	Yes	PTHR11922	PTHR11922
Q32P41	Q8TFG7	Yes	Yes	PTHR23245	PTHR23245
Q8N5M1	Q9UT16	Yes	Yes	PTHR21013	PTHR21013
Q8NFU3	Q10215	Yes	No	PTHR45544	PTHR44086
Q9NYH9	O60188	Yes	No	PTHR23271	PTHR23271
P08574	O59680	Yes	Yes	PTHR10266	PTHR10266
P09661	Q9USX8	Yes	Yes	PTHR10552	PTHR10552
Q96EY1	P87239	Yes	No	PTHR44145	PTHR43096
Q9NRW7	Q09805	Yes	Yes	PTHR11679	PTHR11679
Q9BRX9	Q9C1X0	Yes	Yes	PTHR22842	PTHR22842
Q9Y548	Q9UTD3	Yes	Yes	PTHR12822	PTHR12822
O95372	O42881	Yes	Yes	PTHR10655	PTHR10655
Q96E11	O74734	Yes	No	PTHR20982	PTHR20982
Q9Y5K1	P40384	Yes	No	PTHR10848	PTHR10848
P11142	Q10265	Yes	No	PTHR19375	PTHR19375
Q9NPI5	Q9C0W1	Yes	No	PTHR10285	PTHR10285
Q9BRC7	P40977	Yes	Yes	PTHR10336	PTHR10336
Q14137	O74399	Yes	Yes	PTHR17605	PTHR17605
P63241	P56289	Yes	Yes	PTHR11673	PTHR11673
Q9Y2Z0	O59709	Yes	No	PTHR45862	PTHR45862
Q16549	Q09175	Yes	No	PTHR42884	PTHR42884
Q8NCE0	Q8TFH7	Yes	No	PTHR21227	PTHR21227
Q9BS92	P78833	Yes	No	PTHR21017	PTHR40624
Q9H7Z3	O42975	Yes	No	PTHR13471	PTHR13471
Q5T160	O74781	Yes	Yes	PTHR11956	PTHR11956
P45974	Q11119	Yes	Yes	PTHR24006	PTHR24006
Q7L5D6	O74432	Yes	Yes	PTHR12875	PTHR12875
Q8WUD6	O13901	Yes	No	PTHR10414	PTHR10414
P54652	O59855	Yes	No	PTHR19375	PTHR19375
P62263	P0CT56	Yes	Yes	PTHR11759	PTHR11759
P62263	P0CT57	Yes	Yes	PTHR11759	PTHR11759
Q99567	Q9P382	Yes	No	PTHR13257	PTHR13257
P53621	Q96WV5	Yes	Yes	PTHR19876	PTHR19876
Q9BRX2	Q9USL5	Yes	Yes	PTHR10853	PTHR10853
P56192	Q9UUF2	Yes	No	PTHR45765	PTHR45765
P00167	O94391	Yes	No	PTHR19359	PTHR19359
Q96A29	Q9UUI8	Yes	Yes	PTHR11132	PTHR11132
Q9Y3U8	O94658	Yes	No	PTHR10114	PTHR10114
Q9Y3U8	Q92365	Yes	Yes	PTHR10114	PTHR10114
Q8N567	Q9HFF2	Yes	No	PTHR46242	PTHR46242
P55209	O59797	Yes	No	PTHR11875	PTHR11875
Q9C0B7	O42977	Yes	No	PTHR20959	PTHR20959
P13639	O14460	Yes	Yes	PTHR42908	PTHR42908
P06899	P04913	Yes	No	PTHR23428	PTHR23428
P39019	P79016	Yes	Yes	PTHR11710	PTHR11710
Q6IN84	O94631	Yes	No	PTHR46103	PTHR46103
Q9BPX5	Q10316	Yes	No	PTHR12644	PTHR12644
O75794	Q9P7N5	Yes	Yes	PTHR15323	PTHR15323
P37108	Q9P372	Yes	No	PTHR12013	PTHR12013
Q9NVS9	Q9UTQ1	Yes	Yes	PTHR10851	PTHR10851
P29084	P79011	Yes	Yes	PTHR12716	PTHR12716
P78316	O43051	Yes	Yes	PTHR23183	PTHR23183
Q9NRX2	O94345	Yes	No	PTHR14413	PTHR14413
P27449	P50515	Yes	Yes	PTHR10263	PTHR10263
Q9Y5N5	Q9UT94	Yes	Yes	PTHR45875	PTHR45875
Q9UM11	O94423	Yes	Yes	PTHR19918	PTHR19918
P18669	P36623	Yes	Yes	PTHR11931	PTHR11931
P11169	P78831	Yes	No	PTHR23503	PTHR48022
Q5BKT4	Q10254	Yes	Yes	PTHR12989	PTHR12989
P53609	P32434	Yes	Yes	PTHR11774	PTHR11774
Q96FM1	Q9P6N9	Yes	Yes	PTHR13148	PTHR13148
P15104	Q09179	Yes	Yes	PTHR20852	PTHR20852
Q8N4S0	O13803	Yes	No	PTHR14689	PTHR14689
Q9BQG2	Q9Y7J0	Yes	No	PTHR42904	PTHR42904
O14737	O13929	Yes	Yes	PTHR10840	PTHR10840
O43776	O94567	Yes	Yes	PTHR22594	PTHR22594
Q9BT22	O13933	Yes	Yes	PTHR13036	PTHR13036
Q9UPE1	P36616	Yes	No	PTHR47634	PTHR47634
P39656	O59866	Yes	Yes	PTHR10830	PTHR10830
O00232	P0CU17	Yes	Yes	PTHR10855	PTHR10855
P62273	O74329	Yes	Yes	PTHR12010	PTHR12010
P62316	O14036	Yes	Yes	PTHR12777	PTHR12777
Q9BYD3	O74801	Yes	No	PTHR10746	PTHR10746
Q86U28	O43045	Yes	No	PTHR43011	PTHR43011
Q9Y606	O94396	Yes	No	PTHR11142	PTHR11142
Q9NQT5	O13903	Yes	No	PTHR21321	PTHR21321
Q9Y6V7	Q9HGM5	Yes	Yes	PTHR24031	PTHR24031
Q96A72	O43037	Yes	Yes	PTHR12638	PTHR12638
P00390	P78965	Yes	Yes	PTHR42737	PTHR42737
O00311	Q9UQY9	Yes	No	PTHR11909	PTHR11909
Q8N697	Q9P380	Yes	No	PTHR11654	PTHR11654
P48643	Q9UTM4	Yes	Yes	PTHR11353	PTHR11353
Q15208	O13310	Yes	No	PTHR24356	PTHR24356
P12004	Q03392	Yes	Yes	PTHR11352	PTHR11352
P37837	O42700	Yes	Yes	PTHR10683	PTHR10683
P61927	P05733	Yes	No	PTHR10768	PTHR10768
Q92889	P36617	Yes	Yes	PTHR10150	PTHR10150
Q9NWU5	O74464	Yes	No	PTHR13501	PTHR13501
Q9Y5K5	Q9UUB6	Yes	Yes	PTHR10589	PTHR10589
A4D1U4	O42907	Yes	Yes	PTHR31017	PTHR28153
Q9UGH3	Q9HE12	Yes	No	PTHR11119	PTHR42810
P51149	O94655	Yes	Yes	PTHR47981	PTHR47981
Q16698	O74470	Yes	No	PTHR43658	PTHR42760
Q9UJX6	Q874R3	Yes	No	PTHR45957	PTHR45957
Q8IYB4	O94325	Yes	No	PTHR10130	PTHR10130
P47813	P55877	Yes	Yes	PTHR21668	PTHR21668
P60891	O94413	Yes	Yes	PTHR10210	PTHR10210
Q969G6	O74866	Yes	Yes	PTHR22749	PTHR22749
P63098	Q9UU93	Yes	Yes	PTHR45942	PTHR45942
Q8WUX1	O74327	Yes	No	PTHR22950	PTHR22950
P13693	Q10344	Yes	Yes	PTHR11991	PTHR11991
Q9NVX2	O74855	Yes	Yes	PTHR19848	PTHR19848
Q14677	P78813	Yes	No	PTHR12276	PTHR12276
P00966	O94354	Yes	Yes	PTHR11587	PTHR11587
Q05940	O74852	Yes	No	PTHR23506	PTHR23506
Q9UF12	O74524	Yes	Yes	PTHR13914	PTHR13914
Q96EC8	Q9P6P8	Yes	No	PTHR21236	PTHR21236
Q9UHW5	O14443	Yes	Yes	PTHR21231	PTHR21231
P36957	O94681	Yes	No	PTHR43416	PTHR43416
P46459	Q9P7Q4	Yes	Yes	PTHR23078	PTHR23078
Q9P0J1	O14189	Yes	No	PTHR13832	PTHR13832
P08708	O42984	Yes	No	PTHR10732	PTHR10732
Q9BZE9	Q9P7L2	Yes	No	PTHR46467	PTHR46467
Q9Y3A5	O14179	Yes	Yes	PTHR10927	PTHR10927
P55010	Q09689	Yes	Yes	PTHR23001	PTHR23001
P09884	P28040	Yes	Yes	PTHR45861	PTHR45861
Q4VXU2	P31209	Yes	No	PTHR24012	PTHR24012
P54687	O14370	Yes	Yes	PTHR11825	PTHR11825
P63208	Q9Y709	Yes	Yes	PTHR11165	PTHR11165
Q9BRA2	Q9P7L1	Yes	No	PTHR12452	PTHR12452
Q9UJX5	O42839	Yes	No	PTHR13260	PTHR13260
P15313	P31411	Yes	No	PTHR43389	PTHR43389
P62826	P28748	Yes	Yes	PTHR24071	PTHR24071
P41223	O74772	Yes	Yes	PTHR19411	PTHR19411
P48507	O94246	Yes	No	PTHR13295	PTHR13295
P61421	O13753	Yes	Yes	PTHR11028	PTHR11028
Q14376	Q9Y7X5	Yes	Yes	PTHR43725	PTHR43725
Q16401	O74867	Yes	No	PTHR13554	PTHR13554
O14939	Q09706	Yes	No	PTHR18896	PTHR18896
Q6PGP7	O94474	Yes	No	PTHR15704	PTHR15704
Q9BVJ6	P87137	Yes	No	PTHR14150	PTHR14150
Q99575	Q9UTA4	Yes	No	PTHR22731	PTHR22731
O60683	Q9UUF0	Yes	No	PTHR23350	PTHR23350
Q9GZP9	O94458	Yes	No	PTHR11009	PTHR11009
Q86X76	O94660	Yes	Yes	PTHR23088	PTHR23088
Q8TDP1	Q10448	Yes	Yes	PTHR47063	PTHR47204
Q9H9Y2	O14180	Yes	Yes	PTHR22734	PTHR22734
Q969S8	P56523	Yes	No	PTHR48252	PTHR48252
P62699	Q9URW3	Yes	Yes	PTHR13848	PTHR13848
O14893	P0CU08	Yes	No	PTHR12794	PTHR12794
P23258	P25295	Yes	Yes	PTHR11588	PTHR11588
Q92541	O94667	Yes	No	PTHR46695	PTHR13115
Q9BVC3	Q09732	Yes	No	PTHR13395	PTHR13395
Q8WUN7	Q9HDW4	Yes	Yes	PTHR13609	PTHR13609
P30085	O59771	Yes	Yes	PTHR23359	PTHR23359
Q09019	Q10437	Yes	No	PTHR14107	PTHR14107
Q9NRM2	Q9P374	Yes	No	PTHR13267	PTHR13267
Q9BZG8	O59713	Yes	Yes	PTHR10762	PTHR10762
Q9H668	Q0E7J7	Yes	No	PTHR13989	PTHR13989
Q08209	Q12705	Yes	Yes	PTHR45673	PTHR45673
Q6PIW4	O43078	Yes	No	PTHR23074	PTHR23074
O95922	Q10438	Yes	No	PTHR12241	PTHR47551
Q7Z695	Q9P7M0	Yes	No	PTHR45890	PTHR45890
O43826	P0CU10	Yes	No	PTHR43826	PTHR23502
Q92664	Q9UTL5	Yes	No	PTHR46179	PTHR24393
Q8WXX5	Q9UTQ5	Yes	Yes	PTHR44144	PTHR44144
P13994	O60141	Yes	No	PTHR12111	PTHR12111
Q9BVC4	O74184	Yes	Yes	PTHR19842	PTHR19842
Q93009	Q9UTT1	Yes	Yes	PTHR24006	PTHR24006
Q96BZ9	O94661	Yes	No	PTHR20913	PTHR20913
Q96K17	Q92371	Yes	Yes	PTHR10351	PTHR10351
Q9H0S4	Q9P6N8	Yes	Yes	PTHR24031	PTHR24031
Q13907	Q10132	Yes	Yes	PTHR10885	PTHR10885
Q9UK97	O74531	Yes	No	PTHR12874	PTHR12874
O15498	O60073	Yes	Yes	PTHR45806	PTHR45806
Q9Y3C6	P87051	Yes	Yes	PTHR45625	PTHR45625
P27487	O14073	Yes	Yes	PTHR11731	PTHR11731
Q8WWV3	O42909	Yes	Yes	PTHR11695	PTHR44013
Q9H871	O59668	Yes	Yes	PTHR12170	PTHR12170
Q96DI7	O94620	Yes	Yes	PTHR44006	PTHR44006
O95707	Q9P7W9	Yes	No	PTHR13348	PTHR13348
Q9UNL4	O42871	Yes	Yes	PTHR10333	PTHR10333
Q8WW01	Q7LKV3	Yes	No	PTHR28582	PTHR28518
Q9H7B2	Q9UUG1	Yes	Yes	PTHR12728	PTHR12728
O95696	O74759	Yes	No	PTHR13793	PTHR13793
Q96J01	Q9USL1	Yes	Yes	PTHR22839	PTHR22839
Q15397	Q9UU76	Yes	No	PTHR13389	PTHR13389
Q9Y2X3	Q9P7S7	Yes	No	PTHR10894	PTHR10894
Q9H201	O74423	Yes	No	PTHR12276	PTHR12276
Q16134	P87111	Yes	Yes	PTHR10617	PTHR10617
O76021	Q9UT32	Yes	No	PTHR23105	PTHR23105
P48637	P35669	Yes	Yes	PTHR11130	PTHR11130
Q9H2J4	Q9Y7L1	Yes	No	PTHR45809	PTHR45809
Q8ND56	Q9HGL3	Yes	No	PTHR13586	PTHR13586
Q9HD23	P87149	Yes	No	PTHR13890	PTHR13890
P55786	Q9USX1	Yes	Yes	PTHR11533	PTHR11533
Q00341	O59810	Yes	Yes	PTHR10627	PTHR10627
Q9UNQ2	Q9USU2	Yes	Yes	PTHR11727	PTHR11727
Q9UJ83	Q9Y7M1	Yes	Yes	PTHR43710	PTHR43710
P25788	O59770	Yes	Yes	PTHR11599	PTHR11599
Q8IWX5	Q9P6N5	Yes	Yes	PTHR14969	PTHR14969
Q7L211	P54069	Yes	Yes	PTHR12277	PTHR12277
P62841	Q9UTQ6	Yes	Yes	PTHR11880	PTHR11880
P78368	O74135	Yes	No	PTHR11909	PTHR11909
Q9UHD9	Q10169	Yes	No	PTHR10677	PTHR10677
O60678	O13648	Yes	Yes	PTHR11006	PTHR11006
Q16775	Q9UT36	Yes	No	PTHR11935	PTHR11935
P13984	O94424	Yes	Yes	PTHR10445	PTHR10445
P55060	O13671	Yes	Yes	PTHR10997	PTHR10997
Q9UIF7	Q10159	Yes	Yes	PTHR42944	PTHR42944
Q96PZ0	O74343	Yes	Yes	PTHR13326	PTHR13326
Q96AT9	O14105	Yes	Yes	PTHR11749	PTHR11749
P14324	O14230	Yes	No	PTHR11525	PTHR11525
P50336	Q10062	Yes	Yes	PTHR42923	PTHR42923
Q2TAA5	O74878	Yes	Yes	PTHR45919	PTHR45919
Q13156	Q92373	Yes	No	PTHR13989	PTHR13989
P19440	Q9US04	Yes	Yes	PTHR11686	PTHR11686
Q71UM5	O74330	Yes	Yes	PTHR11594	PTHR11594
P82675	Q10234	Yes	No	PTHR13718	PTHR13718
Q7Z2Z2	O74945	Yes	Yes	PTHR42908	PTHR42908
O95273	Q10368	Yes	No	PTHR15492	PTHR15492
Q6UXN9	O60137	Yes	Yes	PTHR19861	PTHR19861
Q9BQ65	O13915	Yes	No	PTHR13522	PTHR13522
P49354	O60052	Yes	No	PTHR11129	PTHR11129
Q5JPH6	Q9HDX9	Yes	No	PTHR43311	PTHR43311
Q9NR50	P56288	Yes	Yes	PTHR45989	PTHR45989
O43913	O43114	Yes	Yes	PTHR12705	PTHR12705
P62140	P13681	Yes	Yes	PTHR11668	PTHR11668
Q8N3P4	O13756	Yes	No	PTHR12616	PTHR12616
Q14103	O94432	Yes	No	PTHR48033	PTHR48027
Q5VTQ0	O13693	Yes	No	PTHR31859	PTHR31859
Q3KRA6	O14037	Yes	Yes	PTHR18444	PTHR18444
Q9P287	O74907	Yes	Yes	PTHR13261	PTHR13261
P30039	Q8NIL3	Yes	Yes	PTHR13774	PTHR13774
P46779	O14069	Yes	Yes	PTHR10544	PTHR10544
P29375	Q9HDV4	Yes	No	PTHR10694	PTHR10694
P68104	P0CT54	Yes	Yes	PTHR23115	PTHR23115
Q6UWP2	Q9P7B4	Yes	Yes	PTHR43115	PTHR42901
O60762	O14466	Yes	Yes	PTHR43398	PTHR43398
Q14565	O42634	Yes	Yes	PTHR22942	PTHR22942
Q53FA7	O94564	Yes	No	PTHR48106	PTHR45033
Q9UI14	Q9UUN5	Yes	No	PTHR19317	PTHR19317
Q5H9L4	O13701	Yes	No	PTHR12228	PTHR12228
Q5SY16	Q9UU96	Yes	No	PTHR12755	PTHR12755
A0A2R8Y422	P0C016	Yes	No	PTHR10666	PTHR10666
P04406	O43026	Yes	Yes	PTHR10836	PTHR10836
Q9NRA2	Q10097	Yes	Yes	PTHR11662	PTHR43791
Q9NRA2	O74923	Yes	No	PTHR11662	PTHR43791
O43747	Q9UU81	Yes	Yes	PTHR22780	PTHR22780
Q13685	O13982	Yes	Yes	PTHR19857	PTHR19857
Q14240	P47943	Yes	Yes	PTHR24031	PTHR24031
Q9GZN1	O94241	Yes	Yes	PTHR11937	PTHR11937
P78540	P37818	Yes	No	PTHR43782	PTHR43782
O15145	Q9Y7J4	Yes	Yes	PTHR12391	PTHR12391
O75146	Q9P6L5	Yes	No	PTHR10407	PTHR10407
Q13564	Q9UT93	Yes	Yes	PTHR10953	PTHR10953
O95427	Q8WZK2	Yes	Yes	PTHR12250	PTHR12250
P57088	Q9Y7Z5	Yes	No	PTHR12703	PTHR12703
Q6NXR4	O94729	Yes	No	PTHR32226	PTHR32226
P25398	O74322	Yes	No	PTHR11843	PTHR11843
P24666	P41893	Yes	Yes	PTHR11717	PTHR11717
Q14674	P18296	Yes	No	PTHR12792	PTHR12792
P49959	Q09683	Yes	No	PTHR10139	PTHR10139
P54578	Q92353	Yes	Yes	PTHR43982	PTHR43982
P54278	P54280	Yes	No	PTHR10073	PTHR10073
P19388	Q09191	Yes	Yes	PTHR10535	PTHR10535
O15371	O94236	Yes	Yes	PTHR12399	PTHR12399
Q9Y285	O42870	Yes	Yes	PTHR11538	PTHR11538
P61221	O60102	Yes	Yes	PTHR19248	PTHR19248
P60520	O94272	Yes	Yes	PTHR10969	PTHR10969
Q9UBD6	Q9C0V1	Yes	No	PTHR11730	PTHR43029
Q9UBZ4	P87175	Yes	Yes	PTHR22748	PTHR22748
O76094	O59787	Yes	Yes	PTHR14094	PTHR14094
Q13190	O13644	Yes	Yes	PTHR19957	PTHR19957
P37287	P87172	Yes	Yes	PTHR45871	PTHR45871
P22087	P35551	Yes	No	PTHR10335	PTHR10335
P49005	P87324	Yes	Yes	PTHR10416	PTHR10416
P60866	O74893	Yes	Yes	PTHR11700	PTHR11700
Q9H9G7	O74957	Yes	Yes	PTHR22891	PTHR22891
Q15637	O74555	Yes	No	PTHR11208	PTHR11208
Q9UL63	O13730	Yes	Yes	PTHR15526	PTHR15526
Q9NWL6	O74397	Yes	Yes	PTHR45937	PTHR45937
Q8N1S5	O94402	Yes	No	PTHR11040	PTHR11040
Q13573	Q09882	Yes	No	PTHR12096	PTHR12096
Q6UWH6	Q1MTR8	Yes	Yes	PTHR13144	PTHR13144
Q6YHU6	O60081	Yes	No	PTHR14387	PTHR14387
Q99615	Q9HGM9	Yes	Yes	PTHR45188	PTHR44200
P23434	Q9HDV9	Yes	No	PTHR11715	PTHR11715
P28482	P27638	Yes	Yes	PTHR24055	PTHR24055
P49736	P40377	Yes	Yes	PTHR11630	PTHR11630
P28838	Q09735	Yes	Yes	PTHR11963	PTHR11963
Q2TBE0	Q09909	Yes	No	PTHR12072	PTHR12072
P84243	P09988	Yes	Yes	PTHR11426	PTHR11426
Q92905	O94454	Yes	Yes	PTHR10410	PTHR10410
Q13409	O94518	Yes	No	PTHR12442	PTHR12442
Q96G03	O74478	Yes	Yes	PTHR45745	PTHR45745
O43395	Q09856	Yes	No	PTHR14212	PTHR14212
Q96S44	Q9P7N1	Yes	Yes	PTHR12209	PTHR12209
O15182	O74435	Yes	Yes	PTHR23050	PTHR23050
P09622	O00087	Yes	Yes	PTHR22912	PTHR22912
Q06203	P41390	Yes	Yes	PTHR11907	PTHR11907
P30536	O94327	Yes	Yes	PTHR10057	PTHR10057
P21964	Q8NKC1	Yes	No	PTHR43836	PTHR43836
P08243	P78753	Yes	Yes	PTHR11772	PTHR11772
P36954	O74635	Yes	Yes	PTHR11239	PTHR11239
P50990	P78921	Yes	Yes	PTHR11353	PTHR11353
P05388	O74864	Yes	Yes	PTHR45699	PTHR45699
Q96QE2	Q10286	Yes	No	PTHR48020	PTHR48020
Q9UG56	O14333	Yes	Yes	PTHR10067	PTHR10067
P60174	P07669	Yes	Yes	PTHR21139	PTHR21139
P49755	O13946	Yes	Yes	PTHR22811	PTHR22811
Q99832	P87153	Yes	Yes	PTHR11353	PTHR11353
P48730	P40235	Yes	No	PTHR11909	PTHR11909
O94868	Q09746	Yes	No	PTHR15735	PTHR15735
Q96PU5	O14326	Yes	No	PTHR11254	PTHR11254
Q9BR76	O13923	Yes	No	PTHR10856	PTHR10856
O00400	Q9USW4	Yes	Yes	PTHR12778	PTHR12778
Q01415	Q9HDU2	Yes	Yes	PTHR10457	PTHR10457
Q9BQ52	Q10155	Yes	Yes	PTHR12553	PTHR12553
P16083	Q09677	Yes	No	PTHR10204	PTHR46305
Q9NU19	O59737	Yes	No	PTHR22957	PTHR22957
Q96ST3	Q09750	Yes	No	PTHR12346	PTHR12346
Q13347	P79083	Yes	Yes	PTHR19877	PTHR19877
Q9HAU5	O13824	Yes	No	PTHR12839	PTHR12839
Q9NRX1	O14044	Yes	Yes	PTHR12826	PTHR12826
Q9BUI4	Q9C106	Yes	Yes	PTHR12949	PTHR12949
Q9P2D0	O74881	Yes	No	PTHR22872	PTHR22872
Q75T13	Q9UT41	Yes	No	PTHR15495	PTHR15495
Q13601	O74777	Yes	Yes	PTHR12581	PTHR12581
Q9UNW1	P08091	Yes	No	PTHR20963	PTHR20963
Q07960	Q9P3B1	Yes	Yes	PTHR45808	PTHR45808
P61353	O74538	Yes	Yes	PTHR10497	PTHR10497
P82251	Q9P768	Yes	Yes	PTHR11785	PTHR43341
Q15061	Q9HE11	Yes	Yes	PTHR44267	PTHR44267
Q9UQE7	O42649	Yes	Yes	PTHR43977	PTHR43977
Q9UM13	O42971	Yes	Yes	PTHR12936	PTHR12936
Q9BTW9	Q10197	Yes	No	PTHR12658	PTHR12658
Q5VYK3	Q9P7H8	Yes	Yes	PTHR23346	PTHR23346
P51649	Q9US47	Yes	Yes	PTHR43353	PTHR43353
P20674	Q9UTF6	Yes	Yes	PTHR14200	PTHR14200
P61204	P36579	Yes	No	PTHR11711	PTHR11711
O15530	Q12701	Yes	No	PTHR24356	PTHR24356
P53384	O94442	Yes	Yes	PTHR23264	PTHR23264
Q6ZWT7	O42916	Yes	Yes	PTHR13906	PTHR13906
Q96GQ7	Q09903	Yes	No	PTHR24031	PTHR24031
P31040	Q9UTJ7	Yes	Yes	PTHR11632	PTHR11632
Q7Z6J9	O74908	Yes	No	PTHR21027	PTHR21027
Q12770	O43043	Yes	No	PTHR46378	PTHR46378
Q969S0	O74750	Yes	Yes	PTHR10778	PTHR10778
Q9GZN7	O74387	Yes	No	PTHR13618	PTHR13618
Q8N6H7	Q10367	Yes	No	PTHR45686	PTHR45686
Q7L592	O14138	Yes	No	PTHR12049	PTHR12049
P33992	P41389	Yes	Yes	PTHR11630	PTHR11630
Q9BY42	Q10154	Yes	No	PTHR12775	PTHR12775
O60313	P87320	Yes	No	PTHR11566	PTHR11566
O60869	O94700	Yes	Yes	PTHR10245	PTHR10245
P38606	P31406	Yes	Yes	PTHR43607	PTHR43607
P52701	O74502	Yes	Yes	PTHR11361	PTHR11361
Q9NW13	O74400	Yes	No	PTHR48039	PTHR48024
Q9BV57	O94286	Yes	Yes	PTHR23418	PTHR23418
Q04837	O14087	Yes	No	PTHR10302	PTHR10302
Q9BY44	O74965	Yes	Yes	PTHR13227	PTHR13227
P14868	O74407	Yes	Yes	PTHR43450	PTHR43450
Q9BU89	Q9P6K9	Yes	Yes	PTHR12697	PTHR12697
Q96FJ2	Q9UR05	Yes	Yes	PTHR11886	PTHR11886
Q9BQ83	Q9P7M3	Yes	Yes	PTHR20208	PTHR20208
Q92759	P87303	Yes	Yes	PTHR13152	PTHR13152
Q68DH5	O94599	Yes	No	PTHR21355	PTHR21355
Q9H6K4	Q9P7W0	Yes	No	PTHR12499	PTHR12499
O60499	Q9HGN3	Yes	No	PTHR19957	PTHR19957
P61923	O74891	Yes	Yes	PTHR11043	PTHR11043
P29144	Q9UT05	Yes	Yes	PTHR43806	PTHR43806
O15372	Q9UT48	Yes	Yes	PTHR10410	PTHR10410
Q16773	O14209	Yes	No	PTHR43807	PTHR43807
Q9BSB4	O13978	Yes	Yes	PTHR13292	PTHR13292
Q9ULX3	Q9UTK0	Yes	Yes	PTHR12814	PTHR12814
Q9UQ84	P53695	Yes	No	PTHR11081	PTHR11081
Q5C9Z4	O13971	Yes	No	PTHR18034	PTHR18034
P19623	Q09741	Yes	Yes	PTHR11558	PTHR11558
Q4V339	O74310	Yes	No	PTHR13748	PTHR13748
Q9H981	Q9US07	Yes	Yes	PTHR11937	PTHR11937
A6NDG6	Q00472	Yes	Yes	PTHR19288	PTHR19288
Q96CQ1	Q9P6L7	Yes	Yes	PTHR45829	PTHR45829
Q8N4T8	O42866	Yes	Yes	PTHR42760	PTHR42760
Q16613	Q9UT25	Yes	No	PTHR10908	PTHR10908
Q68CQ4	O74974	Yes	No	PTHR12933	PTHR12933
Q14457	P87117	Yes	Yes	PTHR12768	PTHR12768
P06730	P78954	Yes	Yes	PTHR11960	PTHR11960
O15260	O74559	Yes	Yes	PTHR23427	PTHR23427
Q96G04	O14118	Yes	No	PTHR14614	PTHR14614
P52434	Q92399	Yes	Yes	PTHR10917	PTHR10917
Q14320	Q7LKZ5	Yes	Yes	PTHR12722	PTHR12722
Q9NYV6	Q10110	Yes	Yes	PTHR12790	PTHR12790
Q9UKY4	Q9C100	Yes	Yes	PTHR10050	PTHR10050
P47756	Q9HGP5	Yes	Yes	PTHR10619	PTHR10619
Q9NS91	O74747	Yes	No	PTHR14134	PTHR14134
O75352	Q10227	Yes	No	PTHR12226	PTHR16201
Q5VSL9	O13665	Yes	No	PTHR13239	PTHR13239
Q9BRR8	Q9HE07	Yes	No	PTHR13384	PTHR13384
P61011	P21565	Yes	Yes	PTHR11564	PTHR11564
P22314	O94609	Yes	Yes	PTHR10953	PTHR10953
Q3KRA9	Q9UT12	Yes	No	PTHR46030	PTHR21052
Q96T52	Q9UST2	Yes	Yes	PTHR46041	PTHR46041
Q96F25	O14199	Yes	Yes	PTHR12154	PTHR12154
Q99426	Q10235	Yes	Yes	PTHR18916	PTHR18916
O00567	O94514	Yes	No	PTHR10894	PTHR10894
O15523	O13370	Yes	No	PTHR47958	PTHR47958
Q7Z7H5	O14324	Yes	Yes	PTHR22811	PTHR22811
Q9UIV1	O74856	Yes	Yes	PTHR10797	PTHR10797
Q69YN2	Q10414	Yes	Yes	PTHR12072	PTHR12072
Q32NB8	Q9HDW1	Yes	Yes	PTHR12586	PTHR12586
P46781	Q09757	Yes	No	PTHR11831	PTHR11831
P62241	Q9P7B2	Yes	Yes	PTHR10394	PTHR10394
Q8N2K1	O42646	Yes	No	PTHR24068	PTHR24068
Q7L2H7	Q09722	Yes	Yes	PTHR15350	PTHR15350
Q16543	O94740	Yes	No	PTHR12800	PTHR12800
O14744	P78963	Yes	Yes	PTHR10738	PTHR10738
Q96SB8	P53692	Yes	Yes	PTHR19306	PTHR19306
Q9UNS1	Q9UUM2	Yes	No	PTHR22940	PTHR22940
O14521	Q9P7X0	Yes	No	PTHR13337	PTHR13337
Q99442	O13787	Yes	No	PTHR12443	PTHR12443
P21439	P36619	Yes	No	PTHR24221	PTHR24221
Q8NBU5	Q9P7J5	Yes	Yes	PTHR45644	PTHR45644
Q96LI5	O74874	Yes	No	PTHR12121	PTHR12121
Q00403	O13749	Yes	Yes	PTHR11618	PTHR11618
Q16342	Q09787	Yes	No	PTHR12298	PTHR12298
Q9NYZ1	Q9Y7K7	Yes	Yes	PTHR13019	PTHR13019
Q49B96	O14056	Yes	No	PTHR21107	PTHR21107
Q16850	Q09736	Yes	Yes	PTHR24286	PTHR24286
Q8IZD4	O36027	Yes	No	PTHR16290	
P06576	P22068	Yes	Yes	PTHR15184	PTHR15184
Q15437	O74873	Yes	No	PTHR11141	PTHR11141
Q8WUX9	O94730	Yes	No	PTHR22761	PTHR22761
Q92878	Q9UTJ8	Yes	No	PTHR18867	PTHR18867
P53680	Q9Y7L6	Yes	Yes	PTHR11753	PTHR11753
P80404	O13837	Yes	Yes	PTHR43206	PTHR43206
Q4G176	O74976	Yes	Yes	PTHR24096	PTHR43201
Q92930	P17609	Yes	No	PTHR47980	PTHR47980
P06280	Q9URZ0	Yes	No	PTHR11452	PTHR11452
P42356	Q9USR3	Yes	No	PTHR10048	PTHR10048
Q12962	O60171	Yes	No	PTHR21242	PTHR21242
Q96NY9	P87231	Yes	Yes	PTHR13451	PTHR13451
P00846	P21535	Yes	No	PTHR11410	PTHR11410
P49588	O13914	Yes	Yes	PTHR11777	PTHR11777
P55809	Q9UUJ9	Yes	No	PTHR13707	PTHR43609
Q15386	Q1K9C4	Yes	No	PTHR45700	PTHR45700
Q9Y263	O94289	Yes	Yes	PTHR19849	PTHR19849
Q99797	Q10415	Yes	Yes	PTHR11804	PTHR11804
Q9HB07	Q9P7T6	Yes	Yes	PTHR11215	PTHR11215
Q9Y673	O60061	Yes	Yes	PTHR10859	PTHR10859
P20839	O14344	Yes	Yes	PTHR11911	PTHR11911
Q86V88	O94279	Yes	Yes	PTHR17901	PTHR17901
P54868	P54874	Yes	Yes	PTHR43323	PTHR43323
Q8NFH5	O13838	Yes	No	PTHR21527	PTHR21527
Q9Y697	O74351	Yes	Yes	PTHR11601	PTHR11601
O60921	P78955	Yes	Yes	PTHR12900	PTHR12900
Q9NTK5	O13998	Yes	Yes	PTHR23305	PTHR23305
P24298	Q10334	Yes	No	PTHR11751	PTHR11751
Q6P3W7	Q9P7X5	Yes	No	PTHR12984	PTHR12984
Q9UNX4	P87177	Yes	Yes	PTHR19853	PTHR19853
Q96RP9	Q9USZ1	Yes	Yes	PTHR43636	PTHR43636
A8MPP1	O14147	Yes	Yes	PTHR11472	PTHR11472
P18621	O14339	Yes	Yes	PTHR11593	PTHR11593
Q8N6M3	Q9HGM4	Yes	No	PTHR23129	PTHR23129
Q9Y6E0	O14305	Yes	No	PTHR48012	PTHR48012
Q6P3X3	O36033	Yes	Yes	PTHR16193	PTHR16193
Q9Y282	Q09895	Yes	Yes	PTHR10984	PTHR10984
Q9NTJ4	Q9UT61	Yes	Yes	PTHR46017	PTHR46017
Q9BQE3	P04689	Yes	Yes	PTHR11588	PTHR11588
Q9Y4L1	Q10061	Yes	No	PTHR45639	PTHR45639
O00488	Q9P370	Yes	Yes	PTHR46095	PTHR46095
O00764	O14242	Yes	Yes	PTHR10534	PTHR10534
O75663	Q9USK5	Yes	Yes	PTHR21021	PTHR21021
P62995	Q10422	Yes	No	PTHR48034	PTHR15241
Q96B26	Q10205	Yes	Yes	PTHR11097	PTHR11097
Q15020	Q9USY2	Yes	No	PTHR15481	PTHR23147
Q9UBT6	O74944	Yes	No	PTHR11076	PTHR11076
O43169	Q9USM6	Yes	Yes	PTHR19359	PTHR19359
Q9NRL3	O94560	Yes	No	PTHR15653	PTHR15653
P63172	Q9UTS6	Yes	No	PTHR21255	PTHR21255
P33240	Q9P6P7	Yes	No	PTHR45735	PTHR45735
Q6P1Q9	Q9P7L6	Yes	No	PTHR22809	PTHR22809
P62857	P0CT79	Yes	Yes	PTHR10769	PTHR10769
P42766	O74904	Yes	Yes	PTHR45722	PTHR45722
O95455	Q9HDU4	Yes	Yes	PTHR43000	PTHR43000
Q13608	O13764	Yes	No	PTHR23077	PTHR23077
P11926	Q9UQW9	Yes	Yes	PTHR11482	PTHR11482
Q9NWU1	O94297	Yes	Yes	PTHR11712	PTHR11712
O43175	P87228	Yes	No	PTHR42938	PTHR10996
P57059	Q9URY1	Yes	No	PTHR24343	PTHR24343
Q8WUX2	P87305	Yes	Yes	PTHR12192	PTHR12192
Q9BQ67	Q9P783	Yes	Yes	PTHR45903	PTHR45903
P27635	Q09127	Yes	No	PTHR11726	PTHR11726
Q9NRP4	Q9P7Y2	Yes	No	PTHR13137	PTHR13137
O75175	O13870	Yes	No	PTHR23326	PTHR23326
P62913	P0CT77	Yes	Yes	PTHR11994	PTHR11994
Q9BV20	O60185	Yes	Yes	PTHR43475	PTHR43475
Q9UKZ1	O13957	Yes	No	PTHR15975	
P20042	P56329	Yes	No	PTHR23001	PTHR23001
Q00796	P36624	Yes	Yes	PTHR43161	PTHR43161
Q99633	O94406	Yes	Yes	PTHR13007	PTHR13007
Q9BXR0	O94460	Yes	Yes	PTHR43530	PTHR43530
P54619	Q10343	Yes	Yes	PTHR13780	PTHR13780
Q96JC1	O13955	Yes	Yes	PTHR12894	PTHR12894
Q96FL8	Q9USK3	Yes	No	PTHR11206	PTHR11206
Q8WUM0	Q9UTH0	Yes	No	PTHR13405	PTHR13405
O14662	Q9P6P1	Yes	No	PTHR19957	PTHR19957
P04035	Q10283	Yes	No	PTHR10572	PTHR10572
Q13356	Q09928	Yes	Yes	PTHR45625	PTHR45625
Q9BUK6	Q9P6K5	Yes	No	PTHR13391	PTHR13391
Q9Y5L4	Q10481	Yes	Yes	PTHR19338	PTHR19338
Q9Y248	O94329	Yes	Yes	PTHR12772	PTHR12772
Q8IWW8	Q09669	Yes	Yes	PTHR11496	PTHR11496
P05386	P17476	Yes	Yes	PTHR45696	PTHR45696
Q15363	Q9P7I9	Yes	Yes	PTHR22811	PTHR22811
P23284	O94273	Yes	Yes	PTHR11071	PTHR11071
P46778	Q9UUC1	Yes	Yes	PTHR20981	PTHR20981
Q16774	Q9P6I5	Yes	Yes	PTHR23117	PTHR23117
Q9UJX4	Q9P4W7	Yes	No	PTHR12830	PTHR12830
P43487	Q09717	Yes	No	PTHR23138	PTHR23138
P99999	P00046	Yes	Yes	PTHR11961	PTHR11961
Q9BV38	Q10272	Yes	Yes	PTHR18763	PTHR18763
Q9Y265	Q9C0X6	Yes	Yes	PTHR11093	PTHR11093
O43172	Q9UTC7	Yes	Yes	PTHR19846	PTHR19846
O14807	P08647	Yes	No	PTHR24070	PTHR24070
O95568	Q9UTQ8	Yes	No	PTHR14614	PTHR14614
Q14894	Q9HDZ0	Yes	Yes	PTHR13812	PTHR13812
Q16539	Q09892	Yes	Yes	PTHR24055	PTHR24055
Q8N4J0	Q9Y7J3	Yes	Yes	PTHR12303	PTHR12303
P49789	P49776	Yes	No	PTHR46981	PTHR46243
P61313	Q9US22	Yes	No	PTHR11847	PTHR11847
Q96G46	Q9UTH9	Yes	Yes	PTHR45846	PTHR45846
P52655	Q9USU9	Yes	No	PTHR12694	PTHR12694
P57721	O74919	Yes	No	PTHR10288	PTHR10288
O15504	O74315	Yes	No	PTHR46527	PTHR46527
P00414	P14575	Yes	Yes	PTHR11403	PTHR11403
P08240	O43032	Yes	Yes	PTHR43134	PTHR43134
Q9BV81	O59764	Yes	Yes	PTHR20994	PTHR20994
P23368	P40375	Yes	No	PTHR23406	PTHR23406
Q13144	P56287	Yes	Yes	PTHR45887	PTHR45887
O60907	O74845	Yes	No	PTHR22846	PTHR22846
Q6UX04	O42941	Yes	No	PTHR45625	PTHR45625
P61457	O42658	Yes	No	PTHR12599	PTHR12599
Q8WV16	Q09873	Yes	Yes	PTHR44472	PTHR44472
P39748	P39750	Yes	Yes	PTHR11081	PTHR11081
P62195	P41836	Yes	Yes	PTHR23073	PTHR23073
Q9NT62	O43035	Yes	Yes	PTHR12866	PTHR12866
O43242	O42897	Yes	Yes	PTHR10758	PTHR10758
P49815	Q9UUG9	Yes	No	PTHR10063	PTHR10063
O14579	O74767	Yes	Yes	PTHR10805	PTHR10805
O94826	O14217	Yes	Yes	PTHR46208	PTHR46208
Q9NWT1	O74453	Yes	Yes	PTHR44675	PTHR44675
P09960	O94544	Yes	Yes	PTHR45726	PTHR45726
Q3KQZ1	Q9UTN1	Yes	Yes	PTHR45928	PTHR45618
Q92530	Q9UTI1	Yes	No	PTHR13266	PTHR13266
Q96DW6	Q9P6N6	Yes	Yes	PTHR46181	PTHR46181
Q92538	Q9P7R8	Yes	No	PTHR10663	PTHR10663
P62495	P79063	Yes	Yes	PTHR10113	PTHR10113
Q7Z4H3	P87242	Yes	Yes	PTHR11845	PTHR11845
Q8IY21	Q9P7T8	Yes	Yes	PTHR44533	PTHR44533
Q9Y3L3	Q09697	Yes	No	PTHR14130	PTHR23065
Q8TCT9	Q9UTA3	Yes	Yes	PTHR12174	PTHR12174
Q5T280	O13641	Yes	No	PTHR12150	PTHR12150
Q92620	Q9P774	Yes	No	PTHR18934	PTHR18934
O15400	O94651	Yes	No	PTHR19957	PTHR19957
Q99638	P26306	Yes	No	PTHR15237	PTHR15237
Q9H9Y6	Q9P7X8	Yes	Yes	PTHR20856	PTHR20856
O15305	Q9UTJ2	Yes	No	PTHR10466	PTHR10466
O60925	O14334	Yes	Yes	PTHR20903	PTHR20903
Q13895	O60071	Yes	No	PTHR12821	PTHR12821
P27708	Q09794	Yes	Yes	PTHR11405	PTHR11405
Q16222	O94617	Yes	Yes	PTHR11952	PTHR11952
O95777	O74483	Yes	Yes	PTHR15588	PTHR15588
A0A1W2PR95	Q9Y7T1	Yes	No	PTHR10933	PTHR10933
P15086	O74818	Yes	Yes	PTHR11705	PTHR11705
O43681	Q9P7F8	Yes	Yes	PTHR10803	PTHR10803
P35998	O42931	Yes	Yes	PTHR23073	PTHR23073
Q9UNM6	Q9US13	Yes	Yes	PTHR10539	PTHR10539
P51148	P36586	Yes	Yes	PTHR24073	PTHR24073
Q15427	O14102	Yes	No	PTHR48030	PTHR48030
Q9H583	O60179	Yes	No	PTHR13457	PTHR13457
Q14914	Q9C0Y6	Yes	Yes	PTHR43205	PTHR43205
Q13042	P41889	Yes	No	PTHR12558	PTHR12558
Q15031	Q09828	Yes	Yes	PTHR43740	PTHR43740
Q96AP0	O14246	Yes	No	PTHR14487	PTHR14487
Q9P2W1	Q9HGK2	Yes	Yes	PTHR15938	PTHR15938
O75027	O14286	Yes	Yes	PTHR24221	PTHR24221
Q9UJX2	O94556	Yes	Yes	PTHR12558	PTHR12558
P62750	O74391	Yes	Yes	PTHR11620	PTHR11620
Q9H2P9	O74898	Yes	Yes	PTHR10882	PTHR10882
Q5MNZ6	Q9P3W2	Yes	No	PTHR11227	PTHR11227
O75832	Q10311	Yes	Yes	PTHR24126	PTHR24118
P11498	Q9UUE1	Yes	Yes	PTHR43778	PTHR43778
Q9UKK9	Q9P791	Yes	Yes	PTHR11839	PTHR11839
Q9BUB4	O42912	Yes	No	PTHR46516	PTHR47803
Q9HD20	O14072	Yes	Yes	PTHR45630	PTHR45630
P23378	Q09785	Yes	Yes	PTHR11773	PTHR11773
Q8N6M0	Q9UUK3	Yes	No	PTHR12419	PTHR12419
Q99759	P28829	Yes	No	PTHR24361	PTHR11584
Q9H2V7	Q9US37	Yes	No	PTHR23505	PTHR43791
P12956	O94395	Yes	Yes	PTHR12604	PTHR12604
Q9BRT9	Q9P7C8	Yes	Yes	PTHR21206	PTHR21206
Q9ULA0	O36014	Yes	Yes	PTHR28570	PTHR28570
P13866	Q8TFG0	Yes	No	PTHR11819	PTHR46154
P61163	O94630	Yes	No	PTHR11937	PTHR11937
P60953	Q01112	Yes	Yes	PTHR24072	PTHR24072
O14802	O94666	Yes	Yes	PTHR19376	PTHR19376
P36404	Q09767	Yes	Yes	PTHR45697	PTHR45697
O75150	O74563	Yes	No	PTHR23163	PTHR23163
P26640	O75005	Yes	No	PTHR11946	PTHR11946
Q9NRW1	P17608	Yes	Yes	PTHR24073	PTHR24073
P20338	O13876	Yes	No	PTHR47979	PTHR47980
Q99487	Q9URV1	Yes	No	PTHR10272	PTHR10272
P20618	Q9UQY2	Yes	Yes	PTHR32194	PTHR32194
Q6ZV29	Q9USJ4	Yes	Yes	PTHR14226	PTHR14226
Q92521	Q9USN0	Yes	Yes	PTHR22760	PTHR22760
Q08AM6	P87145	Yes	Yes	PTHR16023	PTHR16023
P52209	P78812	Yes	Yes	PTHR11811	PTHR11811
Q96PD7	O74850	Yes	No	PTHR12317	PTHR12317
Q9P1U1	P32390	Yes	Yes	PTHR11937	PTHR11937
Q96H20	O94663	Yes	Yes	PTHR12806	PTHR12806
O60671	P22193	Yes	Yes	PTHR10870	PTHR10870
P56537	O94476	Yes	Yes	PTHR10784	PTHR10784
O15235	O14182	Yes	No	PTHR11652	PTHR11652
Q9Y333	O94408	Yes	Yes	PTHR13829	PTHR13829
Q9H993	O94725	Yes	Yes	PTHR12260	PTHR12260
P30038	O74766	Yes	Yes	PTHR14516	PTHR42862
Q9GZP4	Q9P7A1	Yes	Yes	PTHR12175	PTHR12175
P62854	Q9UTG4	Yes	Yes	PTHR12538	PTHR12538
Q99805	Q9Y819	Yes	Yes	PTHR10766	PTHR10766
Q15819	O74983	Yes	No	PTHR24068	PTHR24068
Q15257	O36016	Yes	Yes	PTHR10012	PTHR10012
Q7Z4Q2	Q9P7W7	Yes	Yes	PTHR13347	PTHR13347
Q9C0E8	O94414	Yes	No	PTHR22166	PTHR22166
Q6IA69	O74940	Yes	Yes	PTHR23090	PTHR23090
P49821	O94500	Yes	Yes	PTHR11780	PTHR11780
Q09161	O14253	Yes	Yes	PTHR12412	PTHR12412
Q86VZ2	O43017	Yes	No	PTHR22847	PTHR22847
Q9P2I0	O74740	Yes	Yes	PTHR45922	PTHR45922
Q16851	P78811	Yes	Yes	PTHR43511	PTHR43511
P62310	Q9Y7M4	Yes	Yes	PTHR13110	PTHR13110
Q05932	O74742	Yes	Yes	PTHR11136	PTHR11136
P48378	P48383	Yes	No	PTHR12619	PTHR12619
P63279	P40984	Yes	Yes	PTHR24067	PTHR24067
Q9NZ56	O42854	Yes	No	PTHR13037	PTHR15175
P61966	Q9P7N2	Yes	No	PTHR11753	PTHR11753
Q5HYK3	P87230	Yes	Yes	PTHR43591	PTHR43591
Q99873	Q9URX7	Yes	Yes	PTHR11006	PTHR11006
Q9H300	O14364	Yes	No	PTHR43731	PTHR43731
Q9UBF2	P87140	Yes	No	PTHR10261	PTHR10261
Q8N8A6	Q76PD3	Yes	No	PTHR24031	PTHR24031
Q92993	O94446	Yes	Yes	PTHR10615	PTHR10615
Q9P253	O74925	Yes	Yes	PTHR23323	PTHR23323
Q96T83	O13726	Yes	No	PTHR10110	PTHR10110
P00395	P07657	Yes	Yes	PTHR10422	PTHR10422
Q96Q11	Q9UTQ0	Yes	No	PTHR46173	PTHR13734
P08397	Q09899	Yes	No	PTHR11557	PTHR11557
Q9P2X3	O13997	Yes	No	PTHR16301	PTHR16301
Q8WVM8	O74534	Yes	Yes	PTHR11679	PTHR11679
Q9Y3A2	Q10106	Yes	Yes	PTHR12838	PTHR12838
Q9Y584	P87146	Yes	No	PTHR14110	PTHR14110
Q8N3J2	Q09800	Yes	No	PTHR12829	PTHR12829
Q9NQT4	O42894	Yes	Yes	PTHR11953	PTHR11953
Q9UKD2	Q9USZ6	Yes	Yes	PTHR45841	PTHR45841
P62244	P0CT58	Yes	Yes	PTHR11758	PTHR11758
Q02218	O74378	Yes	Yes	PTHR23152	PTHR23152
Q96P66	O94744	Yes	No	PTHR24248	PTHR23112
Q8IUH5	Q09701	Yes	Yes	PTHR24161	PTHR24161
Q9Y5K8	O59823	Yes	Yes	PTHR11671	PTHR11671
Q8N5Z0	Q9Y7S6	Yes	Yes	PTHR42790	PTHR42790
Q1L5Z9	O60106	Yes	No	PTHR23327	PTHR23327
Q9BV79	Q10488	Yes	Yes	PTHR43981	PTHR43981
O95602	P15398	Yes	Yes	PTHR19376	PTHR19376
O00519	O59805	Yes	Yes	PTHR45847	PTHR46072
Q8TBE9	Q09893	Yes	No	PTHR46470	PTHR47438
Q12874	O59706	Yes	Yes	PTHR12786	PTHR12786
Q9UQ10	Q9UT60	Yes	Yes	PTHR22604	PTHR22604
Q9BYV1	Q9US34	Yes	Yes	PTHR45688	PTHR45688
Q9P0I2	Q9P787	Yes	Yes	PTHR13116	PTHR13116
Q16595	O74831	Yes	No	PTHR16821	PTHR16821
Q99807	O74826	Yes	Yes	PTHR11237	PTHR11237
Q93050	O13742	Yes	Yes	PTHR11629	PTHR11629
Q8TDC3	P87050	Yes	No	PTHR24343	PTHR24343
Q9UKR5	O74820	Yes	Yes	PTHR15451	PTHR15451
P27987	O74561	Yes	No	PTHR12400	PTHR12400
P30043	Q9Y7K0	Yes	No	PTHR43355	PTHR15020
P23396	O60128	Yes	Yes	PTHR11760	PTHR11760
P56282	O94263	Yes	No	PTHR12708	PTHR12708
Q9NQ55	O14206	Yes	No	PTHR12661	PTHR12661
Q53GS9	Q9USR2	Yes	Yes	PTHR21646	PTHR21646
Q9GZY0	Q9Y8G3	Yes	No	PTHR10662	PTHR10662
Q8TCT1	Q9P6N2	Yes	No	PTHR20889	PTHR43344
O60763	Q09857	Yes	No	PTHR10013	PTHR10013
Q8IWV8	O60152	Yes	No	PTHR21497	PTHR21497
Q92903	Q9P381	Yes	Yes	PTHR13773	PTHR13773
Q12792	O94399	Yes	No	PTHR13759	PTHR13759
P06132	Q9USJ5	Yes	Yes	PTHR21091	PTHR21091
Q14697	Q9US55	Yes	Yes	PTHR22762	PTHR22762
Q8NBM4	Q9UTK7	Yes	No		
Q96NT5	O13714	Yes	No	PTHR23507	PTHR23507
Q9Y4Z0	O14352	Yes	No	PTHR23338	PTHR23338
Q96P70	Q10297	Yes	Yes	PTHR10997	PTHR10997
P00156	P05501	Yes	Yes	PTHR19271	PTHR19271
P23193	P49373	Yes	No	PTHR11477	PTHR11477
Q96BP3	O74942	Yes	Yes	PTHR45625	PTHR45625
P78381	P87041	Yes	Yes	PTHR10231	PTHR10231
Q9NPD3	O42872	Yes	Yes	PTHR11953	PTHR11953
Q9Y221	Q1MTQ9	Yes	Yes	PTHR23415	PTHR23415
Q9H3H1	Q9UT75	Yes	Yes	PTHR11088	PTHR11088
P43246	O74773	Yes	Yes	PTHR11361	PTHR11361
Q13610	Q9P775	Yes	Yes	PTHR14091	PTHR14091
Q53FV1	O42901	Yes	No	PTHR12665	PTHR12665
O75419	O74113	Yes	Yes	PTHR10507	PTHR10507
P26639	P87144	Yes	Yes	PTHR11451	PTHR11451
P23919	P36590	Yes	Yes	PTHR10344	PTHR10344
Q07864	P87154	Yes	Yes	PTHR10670	PTHR10670
Q9UKB1	P87053	Yes	No	PTHR44129	PTHR19876
Q9UGP5	Q09693	Yes	Yes	PTHR11276	PTHR11276
P46087	O94268	Yes	No	PTHR22807	PTHR22807
Q6P1R4	Q9HGN6	Yes	No	PTHR11082	PTHR11082
Q9NPG8	O60069	Yes	No	PTHR22883	PTHR22883
Q9H6R0	Q03319	Yes	No	PTHR18934	PTHR18934
P22557	O14092	Yes	No	PTHR13693	PTHR13693
Q92643	Q9USP5	Yes	No	PTHR48067	PTHR48067
Q15008	Q10335	Yes	Yes	PTHR14145	PTHR14145
Q9HCU5	Q10659	Yes	No	PTHR23284	PTHR23284
Q9UGP8	Q9HGN7	Yes	Yes	PTHR24075	PTHR24075
Q99848	O13802	Yes	No	PTHR13028	PTHR13028
Q92546	O60183	Yes	No	PTHR12507	PTHR12507
Q9Y3A0	O94453	Yes	Yes	PTHR12922	PTHR12922
Q8WVC6	O74414	Yes	Yes	PTHR10695	PTHR10695
Q10713	O94745	Yes	Yes	PTHR11851	PTHR11851
Q6N069	O74985	Yes	Yes	PTHR22767	PTHR22767
Q96IJ6	O60064	Yes	Yes	PTHR22572	PTHR22572
Q6NWY9	O14176	Yes	No	PTHR11864	PTHR11864
Q8WV83	O94654	Yes	No	PTHR23051	PTHR23051
Q14527	P36607	Yes	No	PTHR45626	PTHR45626
Q9BSH4	O43075	Yes	Yes	PTHR12532	PTHR12532
Q16540	Q09727	Yes	No	PTHR12059	PTHR12059
Q8IUR7	O13986	Yes	No	PTHR15651	PTHR15651
Q9H4B0	O94710	Yes	Yes	PTHR11735	PTHR11735
Q00266	O60198	Yes	No	PTHR11964	PTHR11964
Q8N3C0	O60072	Yes	Yes	PTHR24075	PTHR47961
Q96LU5	O74800	Yes	Yes	PTHR12383	PTHR12383
Q9Y512	Q10478	Yes	Yes	PTHR12815	PTHR12815
Q14919	Q10315	Yes	No	PTHR10252	PTHR10252
Q15833	O94590	Yes	Yes	PTHR11679	PTHR11679
A0A1B0GV85	O60119	Yes	No	PTHR45828	PTHR10809
Q9Y3E0	Q9USJ2	Yes	No	PTHR21493	PTHR21493
Q99757	O94504	Yes	No	PTHR43601	PTHR10438
Q9BPX3	Q10429	Yes	Yes	PTHR14418	PTHR14418
P62829	P0CT60	Yes	Yes	PTHR11761	PTHR11761
Q7Z7B1	Q9UTL4	Yes	Yes	PTHR20661	PTHR20661
Q8WVB6	Q9USQ1	Yes	No	PTHR23389	PTHR23389
O95486	Q9UUI5	Yes	No	PTHR13803	PTHR13803
Q15021	O94679	Yes	No	PTHR14222	PTHR14222
Q9NVP1	Q09916	Yes	No	PTHR24031	PTHR24031
Q6P2M8	Q9P7I2	Yes	No	PTHR24347	PTHR24347
Q8N543	Q11120	Yes	No	PTHR12117	PTHR12117
Q16719	Q10089	Yes	No	PTHR14084	PTHR43586
O95347	P41003	Yes	Yes	PTHR43941	PTHR43941
O95620	O74553	Yes	Yes	PTHR11082	PTHR11082
Q9NNW5	Q9USZ0	Yes	Yes	PTHR14344	PTHR14344
P62424	O13672	Yes	Yes	PTHR23105	PTHR23105
Q92747	P78774	Yes	Yes	PTHR10709	PTHR10709
O14746	O13339	Yes	No	PTHR12066	PTHR12066
Q96FX7	O14307	Yes	No	PTHR12133	PTHR12133
Q5VVQ6	O13974	Yes	Yes	PTHR13312	PTHR13312
P49356	O13782	Yes	Yes	PTHR11774	PTHR11774
Q9H9S4	Q9P7Q8	Yes	Yes	PTHR10182	PTHR10182
P52657	O74948	Yes	Yes	PTHR10966	PTHR10966
O14964	O13821	Yes	No	PTHR46275	PTHR47794
P51665	O74440	Yes	Yes	PTHR10540	PTHR10540
P00558	O60101	Yes	Yes	PTHR11406	PTHR11406
Q8N357	Q09875	Yes	Yes	PTHR13146	PTHR13146
O94973	Q9C0W7	Yes	Yes	PTHR22780	PTHR22780
Q13889	O74366	Yes	Yes	PTHR12831	PTHR12831
Q9UI26	O94545	Yes	Yes	PTHR10997	PTHR10997
Q9H6Q4	Q9Y7N7	Yes	Yes	PTHR11615	PTHR11615
O43684	O42860	Yes	Yes	PTHR10971	PTHR10971
P43897	Q9HGL5	Yes	Yes	PTHR11741	PTHR11741
Q9HAY2	Q9Y7U4	Yes	No	PTHR11736	PTHR11736
Q6NVY1	O74802	Yes	Yes	PTHR43176	PTHR43176
Q96KP4	Q9P6I2	Yes	Yes	PTHR43270	PTHR43270
Q9BQ48	Q9P7L9	Yes	No	PTHR14503	PTHR14503
P11766	O74540	Yes	Yes	PTHR43880	PTHR43880
Q92485	Q9C1W8	Yes	No	PTHR10340	PTHR10340
Q9NUU7	Q09747	Yes	Yes	PTHR47958	PTHR47958
O15269	O59682	Yes	Yes	PTHR13693	PTHR13693
Q2TB18	O14061	Yes	No	PTHR15665	PTHR15665
Q6RFH5	O94698	Yes	No	PTHR16038	PTHR16038
P48047	O74479	Yes	Yes	PTHR11910	PTHR11910
Q96H96	Q10252	Yes	Yes	PTHR11048	PTHR11048
Q12965	Q9Y7Z8	Yes	No	PTHR13140	PTHR13140
O95352	O43069	Yes	Yes	PTHR10953	PTHR10953
Q9UJM8	Q9HDX2	Yes	Yes	PTHR10578	PTHR10578
P11021	P36604	Yes	Yes	PTHR19375	PTHR19375
Q9GZT8	O94404	Yes	No	PTHR13799	PTHR13799
P61513	O94686	Yes	Yes	PTHR48160	PTHR48188
P38646	P22774	Yes	Yes	PTHR19375	PTHR19375
Q6IPU0	Q9US26	Yes	No	PTHR28577	
Q9NX24	Q9P7H0	Yes	Yes	PTHR23105	PTHR23105
O75110	Q10309	Yes	No	PTHR24092	PTHR24092
Q9BV86	O13748	Yes	Yes	PTHR12753	PTHR12753
Q53S33	Q9USK1	Yes	No	PTHR46188	PTHR46188
O60645	O74846	Yes	Yes	PTHR21292	PTHR21292
Q96CW1	Q09718	Yes	Yes	PTHR10529	PTHR10529
P53041	O43049	Yes	Yes	PTHR45668	PTHR45668
O60216	P30776	Yes	No	PTHR12585	PTHR12585
Q9Y6X3	O94459	Yes	No	PTHR21394	PTHR21394
Q15181	P19117	Yes	Yes	PTHR10286	PTHR10286
P56589	O14017	Yes	No	PTHR28080	PTHR28080
P61088	O13685	Yes	Yes	PTHR24068	PTHR24068
P05198	P56286	Yes	Yes	PTHR10602	PTHR10602
O00411	O13993	Yes	No	PTHR10102	PTHR10102
Q9Y3A4	O94683	Yes	Yes	PTHR13191	PTHR13191
P62072	Q9UTE9	Yes	No	PTHR11038	PTHR11038
Q99598	O74955	Yes	Yes	PTHR10741	PTHR10741
Q6FI81	O74821	Yes	No	PTHR13273	PTHR13273
Q8TE02	O94495	Yes	No	PTHR15641	PTHR15641
Q53GQ0	Q10245	Yes	Yes	PTHR43899	PTHR43086
Q9BXP2	O60146	Yes	No	PTHR11827	PTHR11827
Q9BTV6	O74865	Yes	No	PTHR46042	PTHR46042
Q7Z4G4	O94636	Yes	Yes	PTHR13370	PTHR13370
Q15906	Q9P790	Yes	No	PTHR13275	PTHR13275
P27694	Q92372	Yes	Yes	PTHR23273	PTHR23273
Q15269	Q9C1X1	Yes	Yes	PTHR19858	PTHR19858
Q9P2S5	Q96WW0	Yes	Yes	PTHR16220	PTHR16220
Q9UBT2	O42939	Yes	No	PTHR10953	PTHR10953
Q9H089	Q10190	Yes	No	PTHR45709	PTHR45709
Q9UJA5	Q9HGL4	Yes	Yes	PTHR12945	PTHR12945
O75478	Q9P7J7	Yes	Yes	PTHR12374	PTHR12374
Q86WB7	Q9URX1	Yes	No	PTHR19444	PTHR23294
P49720	Q9Y7T8	Yes	Yes	PTHR11599	PTHR11599
Q15392	Q9HDX8	Yes	No	PTHR10801	PTHR43762
P0C0S5	P48003	Yes	Yes	PTHR23430	PTHR23430
P49642	O14215	Yes	Yes	PTHR10536	PTHR10536
Q92600	Q92368	Yes	Yes	PTHR12262	PTHR12262
Q9H0R6	O94509	Yes	Yes	PTHR11895	PTHR11895
P52294	O14063	Yes	No	PTHR23316	PTHR23316
Q9NW64	O59800	Yes	No	PTHR14089	PTHR14089
O95260	O14133	Yes	No	PTHR21367	PTHR21367
Q9Y5R4	O14028	Yes	No	PTHR18895	PTHR18895
O75629	Q9UUK0	Yes	No	PTHR13343	PTHR28040
P0C870	O94606	Yes	No	PTHR12461	PTHR12461
Q15046	Q9UUE6	Yes	Yes	PTHR42918	PTHR42918
Q9UI43	P78860	Yes	Yes	PTHR10920	PTHR10920
P78330	O74382	Yes	No	PTHR43344	PTHR43344
Q9H4K7	Q9UT06	Yes	No	PTHR11702	PTHR11702
Q9H7F0	O74431	Yes	Yes	PTHR45630	PTHR45630
P36542	O74754	Yes	Yes	PTHR11693	PTHR11693
Q92990	Q76PC4	Yes	No	PTHR15430	PTHR15430
O43818	Q9P7C0	Yes	Yes	PTHR19865	PTHR19865
Q9Y2Q5	Q9Y7J2	Yes	No	PTHR13323	PTHR13323
O43660	O13615	Yes	No	PTHR19923	PTHR19923
P05141	Q09188	Yes	Yes	PTHR45635	PTHR45635
O95336	O74455	Yes	Yes	PTHR11054	PTHR11054
P00491	Q9UTG1	Yes	Yes	PTHR11904	PTHR11904
Q969S3	O59811	Yes	No	PTHR13182	PTHR13182
Q8N5X7	O74743	No	Yes	PTHR11960	PTHR11960
O96009	P32834	No	Yes	PTHR47966	PTHR47966
Q8N138	O42901	No	Yes	PTHR12665	PTHR12665
Q13404	O74983	No	Yes	PTHR24068	PTHR24068
P62917	P0CT71	No	Yes	PTHR13691	PTHR13691
P62917	P0CT70	No	Yes	PTHR13691	PTHR13691
P51808	Q9UTS6	No	Yes	PTHR21255	PTHR21255
Q99880	P04913	No	Yes	PTHR23428	PTHR23428
P61964	O43017	No	Yes	PTHR22847	PTHR22847
P0DP24	P05933	No	Yes	PTHR23050	PTHR23050
Q9H4A6	O14205	No	Yes	PTHR12704	PTHR12704
Q02543	P0CT69	No	Yes	PTHR10052	PTHR10052
P35813	Q09172	No	Yes	PTHR47992	PTHR13832
Q04760	Q09751	No	Yes	PTHR10374	PTHR10374
Q6ZVE7	Q9USJ2	No	Yes	PTHR21493	PTHR21493
Q00765	Q9UU91	No	Yes	PTHR12300	PTHR12300
P61006	P17609	No	Yes	PTHR47980	PTHR47980
Q9UBQ7	O14075	No	Yes	PTHR10996	PTHR10996
Q9Y6A1	O42933	No	Yes	PTHR10050	PTHR10050
Q969S9	O94429	No	Yes	PTHR43261	PTHR43261
P0DP25	P05933	No	Yes	PTHR23050	PTHR23050
Q15843	O14399	No	Yes	PTHR10666	PTHR10666
Q8TCT0	O14159	No	Yes	PTHR12358	PTHR12358
Q9UNW1	O60172	No	Yes	PTHR20963	PTHR20963
Q9BQE3	P04688	No	Yes	PTHR11588	PTHR11588
P13861	P36600	No	Yes	PTHR11635	PTHR11635
Q6XR72	O13918	No	Yes	PTHR45820	PTHR45820
P49674	O74135	No	Yes	PTHR11909	PTHR11909
Q9BQI3	Q9UTE5	No	Yes	PTHR11042	PTHR11042
Q96AJ9	P78768	No	Yes	PTHR21230	PTHR21230
Q7L8S5	Q9UUK3	No	Yes	PTHR12419	PTHR12419
P60510	O74789	No	Yes	PTHR45619	PTHR45619
O14647	O14139	No	Yes	PTHR45623	PTHR45623
P32856	Q9USH7	No	Yes	PTHR19957	PTHR19957
P61018	O13876	No	Yes	PTHR47979	PTHR47980
Q9P0U1	O42999	No	Yes	PTHR46722	PTHR34944
Q04609	O43023	No	Yes	PTHR10404	PTHR10404
P29803	Q10489	No	Yes	PTHR11516	PTHR11516
Q9UNZ2	Q9UT81	No	Yes	PTHR23333	PTHR23333
O95573	O60135	No	Yes	PTHR43272	PTHR43272
P35790	Q10276	No	Yes	PTHR22603	PTHR22603
Q9BTZ2	Q10216	No	Yes	PTHR43943	PTHR48107
P62701	Q9P4W9	No	Yes	PTHR11581	PTHR11581
P61927	P59289	No	Yes	PTHR10768	PTHR10768
O43633	O14177	No	Yes	PTHR10476	PTHR10476
P62070	P08647	No	Yes	PTHR24070	PTHR24070
P84098	O42699	No	Yes	PTHR10722	PTHR10722
Q6ZMR3	Q9P7P7	No	Yes	PTHR43128	PTHR43128
A6NNN8	O74327	No	Yes	PTHR22950	PTHR22950
P51589	O13820	No	Yes	PTHR24300	PTHR24286
O95219	O14243	No	Yes	PTHR46596	PTHR45949
O00429	Q09748	No	Yes	PTHR11566	PTHR11566
Q9Y2H1	O13310	No	Yes	PTHR24356	PTHR24356
Q9UIC8	O94257	No	Yes	PTHR13600	PTHR13600
P0DI82	Q9USZ5	No	Yes	PTHR12403	PTHR12403
Q3SYC2	O74850	No	Yes	PTHR12317	PTHR12317
Q15560	P49373	No	Yes	PTHR11477	PTHR11477
Q9P2K8	Q9HGN1	No	Yes	PTHR11042	PTHR11042
Q6P093	Q9HDX3	No	Yes	PTHR23024	PTHR23024
P49841	Q10452	No	Yes	PTHR24057	PTHR24057
Q9GZR5	Q7LKX0	No	Yes	PTHR11157	PTHR11157
Q8IXI1	O59781	No	Yes	PTHR24072	PTHR24072
P04424	P50514	No	Yes	PTHR43814	PTHR43814
Q01518	P36621	No	Yes	PTHR10652	PTHR10652
P68104	P0CT53	No	Yes	PTHR23115	PTHR23115
P68104	P0CT55	No	Yes	PTHR23115	PTHR23115
P52789	Q09756	No	Yes	PTHR19443	PTHR19443
P0CG48	P0CG72	No	Yes	PTHR10666	PTHR10666
P11940	P31209	No	Yes	PTHR24012	PTHR24012
O95067	P36630	No	Yes	PTHR10177	PTHR10177
P62857	P0CT80	No	Yes	PTHR10769	PTHR10769
P15927	Q92373	No	Yes	PTHR13989	PTHR13989
P68371	P05219	No	Yes	PTHR11588	PTHR11588
Q9HD42	O60074	No	Yes	PTHR10476	PTHR10476
Q9HD34	O60068	No	Yes	PTHR13166	PTHR13166
P17858	O42938	No	Yes	PTHR13697	PTHR13697
P53701	O74794	No	Yes	PTHR12743	PTHR12743
Q9P265	Q10250	No	Yes	PTHR22754	PTHR22754
P55854	O13351	No	Yes	PTHR10562	PTHR10562
Q96FZ7	O94318	No	Yes	PTHR22761	PTHR22761
P16260	O13805	No	Yes	PTHR24089	PTHR24089
P13797	O59945	No	Yes	PTHR19961	PTHR19961
Q59GN2	P05767	No	Yes	PTHR19970	PTHR19970
Q9UPT9	Q09738	No	Yes	PTHR21646	PTHR24006
Q9UKC9	O74783	No	Yes	PTHR13382	PTHR13382
O95926	O59733	No	Yes	PTHR13264	PTHR13264
P05091	O14293	No	Yes	PTHR11699	PTHR11699
Q5EE01	G2TRL2	No	Yes	PTHR34832	PTHR34832
P25398	O14062	No	Yes	PTHR11843	PTHR11843
P09471	P27584	No	Yes	PTHR10218	PTHR10218
Q9Y6D6	Q9P7V5	No	Yes	PTHR10663	PTHR10663
P30050	P0CT83	No	Yes	PTHR11661	PTHR11661
P08183	P36619	No	Yes	PTHR24221	PTHR24221
Q3MIR4	Q1MTQ5	No	Yes	PTHR10926	PTHR10926
Q8IV36	Q9P7M6	No	Yes	PTHR21575	PTHR21575
Q96NR8	O74959	No	Yes	PTHR24320	PTHR24320
Q9GZT6	O14042	No	Yes	PTHR14360	PTHR14360
O76003	O74790	No	Yes	PTHR10293	PTHR10293
P34897	O13972	No	Yes	PTHR11680	PTHR11680
P60059	Q09827	No	Yes	PTHR12309	PTHR12309
O43861	Q10309	No	Yes	PTHR24092	PTHR24092
Q8WTT2	O94288	No	Yes	PTHR14428	PTHR14428
P62244	P0CT59	No	Yes	PTHR11758	PTHR11758
Q13838	O13792	No	Yes	PTHR47958	PTHR47958
Q9Y5U9	O13825	No	Yes	PTHR15858	PTHR15858
Q6IBS0	O94399	No	Yes	PTHR13759	PTHR13759
Q6PJI9	O13686	No	Yes	PTHR46170	PTHR46170
P62906	O74836	No	Yes	PTHR23105	PTHR23105
Q92871	Q9UTJ2	No	Yes	PTHR10466	PTHR10466
P39023	P36584	No	Yes	PTHR11363	PTHR11363
P62979	P0C016	No	Yes	PTHR10666	PTHR10666
P39210	O14142	No	Yes	PTHR11266	PTHR11266
Q9HC21	O94370	No	Yes	PTHR24089	PTHR24089
Q9Y620	Q09772	No	Yes	PTHR45629	PTHR45629
Q969M3	O94348	No	Yes	PTHR21236	PTHR21236
O14841	Q10093	No	Yes	PTHR11365	PTHR11365
Q92506	Q9URX0	No	Yes	PTHR42760	PTHR24321
P0DMV9	O59855	No	Yes	PTHR19375	PTHR19375
Q6PD62	O42668	No	Yes	PTHR14027	PTHR14027
Q15119	Q9P6P9	No	Yes	PTHR11947	PTHR11947
A8MTJ3	Q04665	No	Yes	PTHR10218	PTHR10218
Q9UIJ5	Q9C0W9	No	Yes	PTHR22883	PTHR22883
Q9BSE5	Q10088	No	Yes	PTHR11358	PTHR11358
O60684	O14063	No	Yes	PTHR23316	PTHR23316
Q9Y397	O74384	No	Yes	PTHR22883	PTHR22883
O43752	Q9HGN3	No	Yes	PTHR19957	PTHR19957
Q9BTM1	P04910	No	Yes	PTHR23430	PTHR23430
P67775	P23636	No	Yes	PTHR45619	PTHR45619
Q13530	Q9HDY3	No	Yes	PTHR10383	PTHR10383
P62888	P52808	No	Yes	PTHR11449	PTHR11449
P15374	Q10171	No	Yes	PTHR10589	PTHR10589
P51790	O60159	No	Yes	PTHR45711	PTHR45711
Q15907	P17610	No	Yes	PTHR47979	PTHR47979
Q9NR19	P78773	No	Yes	PTHR24095	PTHR24095
P0C6T2	Q96VG2	No	Yes	PTHR48164	
O75394	O74394	No	Yes	PTHR47037	PTHR15238
O75182	O13919	No	Yes	PTHR12346	PTHR12346
Q8N584	O13693	No	Yes	PTHR31859	PTHR31859
O75570	Q09691	No	Yes	PTHR43804	PTHR43804
P24928	P36594	No	Yes	PTHR19376	PTHR19376
P07237	Q10057	No	Yes	PTHR18929	PTHR18929
P25205	P30666	No	Yes	PTHR11630	PTHR11630
P82979	O74871	No	Yes	PTHR46551	PTHR46551
Q16775	O94250	No	Yes	PTHR11935	PTHR11935
P61313	O74895	No	Yes	PTHR11847	PTHR11847
P78318	Q9Y7T1	No	Yes	PTHR10933	PTHR10933
O94777	Q9USW6	No	Yes	PTHR15039	PTHR15039
O75192	Q10333	No	Yes	PTHR12652	PTHR12652
Q8TD30	Q10334	No	Yes	PTHR11751	PTHR11751
Q9P2J9	O14189	No	Yes	PTHR13832	PTHR13832
A0A3B3IRV3	P87313	No	Yes	PTHR22798	PTHR22798
P24941	P04551	No	Yes	PTHR24056	PTHR24056
Q17RP2	P49777	No	Yes	PTHR19303	PTHR19303
O00160	Q9Y7Z8	No	Yes	PTHR13140	PTHR13140
P48163	P40375	No	Yes	PTHR23406	PTHR23406
P16444	O14124	No	Yes	PTHR10443	PTHR10443
P30405	P18253	No	Yes	PTHR11071	PTHR11071
P31153	O60198	No	Yes	PTHR11964	PTHR11964
Q16875	Q9URZ7	No	Yes	PTHR10606	PTHR10606
P62266	P0CT76	No	Yes	PTHR11652	PTHR11652
P08708	Q9P7J6	No	Yes	PTHR10732	PTHR10732
P56377	Q9P7N2	No	Yes	PTHR11753	PTHR11753
P62280	P0CT73	No	Yes	PTHR10744	PTHR10744
P46782	Q9P3T6	No	Yes	PTHR11205	PTHR11205
Q9H115	Q9P4X4	No	Yes	PTHR13768	PTHR13768
Q14012	Q9P7I2	No	Yes	PTHR24347	PTHR24347
P29120	Q09175	No	Yes	PTHR42884	PTHR42884
Q13620	O14122	No	Yes	PTHR11932	PTHR11932
Q4VC31	O74982	No	Yes	PTHR31905	PTHR31905
Q02156	P36582	No	Yes	PTHR24356	PTHR24356
P57723	O74919	No	Yes	PTHR10288	PTHR10288
P30793	O13774	No	Yes	PTHR11109	PTHR11109
Q5BJF2	Q10255	No	Yes	PTHR31204	PTHR31204
P0DMV8	O59855	No	Yes	PTHR19375	PTHR19375
O95544	Q9P7K3	No	Yes	PTHR20275	PTHR20275
Q6P1L8	O94292	No	Yes	PTHR21037	PTHR11761
P54198	P87314	No	Yes	PTHR13831	PTHR13831
P60983	O13808	No	Yes	PTHR11249	PTHR11249
P46781	O59675	No	Yes	PTHR11831	PTHR11831
P0DN76	Q09176	No	Yes	PTHR12620	PTHR12620
Q9UDW1	O74433	No	Yes	PTHR12980	PTHR12980
Q9H2X9	O60146	No	Yes	PTHR11827	PTHR11827
Q15436	O74873	No	Yes	PTHR11141	PTHR11141
P84077	P36579	No	Yes	PTHR11711	PTHR11711
P62847	O59865	No	Yes	PTHR10496	PTHR10496
Q9NPJ8	P0CAN8	No	Yes	PTHR12612	PTHR12612
O75351	Q09803	No	Yes	PTHR23074	PTHR23074
P78540	Q10066	No	Yes	PTHR43782	PTHR43782
Q92572	Q09905	No	Yes	PTHR11753	PTHR11753
O00232	P0CU18	No	Yes	PTHR10855	PTHR10855
Q8N4E4	Q9Y7L1	No	Yes	PTHR45809	PTHR45809
Q9UPY8	Q10113	No	Yes	PTHR10623	PTHR10623
P62829	P0CT61	No	Yes	PTHR11761	PTHR11761
O75348	O74174	No	Yes	PTHR12713	PTHR12713
Q9UHA3	Q10353	No	Yes	PTHR10792	PTHR10792
P62249	P0CT64	No	Yes	PTHR21569	PTHR21569
P49961	Q9USP2	No	Yes	PTHR11782	PTHR11782
Q9H5X1	Q9UTL0	No	Yes	PTHR12377	PTHR12377
P21281	P31411	No	Yes	PTHR43389	PTHR43389
Q6YP21	O14209	No	Yes	PTHR43807	PTHR43807
Q3LXA3	O74215	No	Yes	PTHR28629	PTHR28629
Q9Y284	Q09714	No	Yes	PTHR13193	PTHR28038
Q9GZP9	Q9Y7Y0	No	Yes	PTHR11009	PTHR11009
Q8N8A6	O13622	No	Yes	PTHR24031	PTHR24031
Q5JTY5	O74310	No	Yes	PTHR13748	PTHR13748
Q99963	O94478	No	Yes	PTHR14167	PTHR45929
P40429	O42991	No	Yes	PTHR11545	PTHR11545
P50613	Q12126	No	Yes	PTHR24056	PTHR24056
O15347	P87057	No	Yes	PTHR48112	PTHR48112
O75347	Q9Y703	No	Yes	PTHR21500	PTHR21500
O43451	Q9C0Y4	No	Yes	PTHR22762	PTHR22762
O95630	Q9P371	No	Yes	PTHR12947	PTHR12947
Q9NUI1	O74470	No	Yes	PTHR43296	PTHR42760
Q9UH03	Q09116	No	Yes	PTHR18884	PTHR18884
Q96S15	O14186	No	Yes	PTHR46200	PTHR46200
Q9H8S9	O94360	No	Yes	PTHR22599	PTHR22599
P36578	P35679	No	Yes	PTHR19431	PTHR19431
P33947	O94270	No	Yes	PTHR10585	PTHR10585
Q14061	Q9P7Z7	No	Yes	PTHR16719	PTHR16719
P09104	P40370	No	Yes	PTHR11902	PTHR11902
O96008	O13656	No	Yes	PTHR10802	PTHR10802
P31689	O74752	No	Yes	PTHR43888	PTHR43888
P14061	O74628	No	Yes	PTHR43391	PTHR43391
P21695	P21696	No	Yes	PTHR11728	PTHR11728
P62987	P0CH06	No	Yes	PTHR10666	PTHR10666
P23763	Q92356	No	Yes	PTHR45701	PTHR45701
P10515	O59816	No	Yes	PTHR23151	PTHR23151
P62913	P0CT78	No	Yes	PTHR11994	PTHR11994
Q9NXW2	O13633	No	Yes	PTHR43908	PTHR43908
P63261	P10989	No	Yes	PTHR11937	PTHR11937
P23528	P78929	No	Yes	PTHR11913	PTHR11913
Q6ZYL4	Q9HDW3	No	Yes	PTHR28580	PTHR28580
P62269	P0CT66	No	Yes	PTHR10871	PTHR10871
Q13093	Q9URV1	No	Yes	PTHR10272	PTHR10272
Q04656	O59666	No	Yes	PTHR43520	PTHR43520
Q13153	Q10056	No	Yes	PTHR48015	PTHR48015
P27635	Q9P769	No	Yes	PTHR11726	PTHR11726
Q9NTI5	Q9HFF5	No	Yes	PTHR12663	PTHR12663
Q9ULM6	O74874	No	Yes	PTHR12121	PTHR12121
P62745	Q09914	No	Yes	PTHR24072	PTHR24072
Q6IN85	Q9Y7J8	No	Yes	PTHR23318	PTHR23318
Q96FL8	Q9UT92	No	Yes	PTHR11206	PTHR11206
Q9NW82	Q9UT73	No	Yes	PTHR16017	PTHR16017
O75947	O94390	No	Yes	PTHR12700	PTHR12700
Q9UKB1	Q09855	No	Yes	PTHR44129	PTHR19854
P14324	O59703	No	Yes	PTHR11525	PTHR11525
O15511	Q10316	No	Yes	PTHR12644	PTHR12644
Q9Y678	P87140	No	Yes	PTHR10261	PTHR10261
